"schema_name","table_name","row_count","total_kb","total_mb","used_kb","used_mb","unused_kb","unused_mb"
dbo,FACT_CALL_DETAIL,958551068,110238792,107655.07,109120256,106562.75,1118536,1092.32
dbo,FACT_ORDERS_BKP_20250609,93442855,94105424,91899.83,94098672,91893.23,6752,6.59
dbo,FACT_CALL_DETAIL_BKP_20250609,141875445,81648000,79734.38,81641968,79728.48,6032,5.89
SSAS,trace_P1_MDM_4cols,27926100,76199392,74413.47,76139768,74355.24,59624,58.23
dbo,LKP_DIM_VALUES_INTERACTIONS,940947329,65461040,63926.80,62951752,61476.32,2509288,2450.48
dbo,FACT_NBX_COUNT,1041275853,52643152,51409.33,52384928,51157.16,258224,252.17
dbo,FACT_CALL_DETAIL_BKP_202409_202311,81439441,43434768,42416.77,43434544,42416.55,224,0.22
dbo,FACT_LTR_90,534002339,40906256,39947.52,40325216,39380.09,581040,567.42
dbo,FACT_LTR_30,456563528,38827200,37917.19,38356448,37457.47,470752,459.72
dbo,FACT_LTR_60,501060547,38371424,37472.09,37830048,36943.41,541376,528.69
dbo,FACT_CHAT_DETAIL_BKP_20250609,49654954,36369072,35516.67,36365632,35513.31,3440,3.36
dbo,BKP_LKP_DIM_VALUES_INTERACTIONS_AGG,279285693,33348272,32566.67,33348184,32566.59,88,0.09
dbo,FACT_OUTOUND_CALLS_RPT,820348389,32641368,31876.34,31565456,30825.64,1075912,1050.70
dbo,LKP_DIM_VALUES_INTERACTIONS_old,638069723,30345640,29634.41,30247504,29538.58,98136,95.84
dbo,FACT_ORDERS,153096805,29649168,28954.27,29498632,28807.26,150536,147.01
dbo,BACKUP_FACT_CHAT_DETAIL_20250912,166740680,28355144,27690.57,28339384,27675.18,15760,15.39
dbo,BACKUP_FACT_ORDERS_20250912,149186896,27429952,26787.06,27424664,26781.90,5288,5.16
dbo,FACT_CHAT_DETAIL,168624850,26841816,26212.71,26603560,25980.04,238256,232.67
dbo,BKP_FACT_XSR_GSR_COMPONENTS,109726401,25818568,25213.45,25818272,25213.16,296,0.29
dbo,FACT_TRANSFER_METRICS,395548652,25752176,25148.61,25270512,24678.23,481664,470.38
dbo,LKP_DIM_VALUES_ORDERS,452231586,25655832,25054.52,24480904,23907.13,1174928,1147.39
dbo,FACT_EINSTEIN_ITG,414235684,25067424,24479.91,24571784,23995.88,495640,484.02
dbo,FACT_EBB_ACP,282706983,24689904,24111.23,23822336,23264.00,867568,847.23
dbo,FACT_AUTOPAY,381327317,22654728,22123.76,22310984,21788.07,343744,335.69
dbo,LKP_DIM_VALUES_INTERACTIONS_BKP_202409_202311,108953335,20753336,20266.93,20753096,20266.70,240,0.23
dbo,FACT_ORDERS_BKP_202409_202405,22497908,19998400,19529.69,19998232,19529.52,168,0.16
dbo,FACT_EINSTEIN_ACTION,314704705,16862928,16467.70,16469760,16083.75,393168,383.95
dbo,FACT_ADJ,430834326,16226368,15846.06,15425728,15064.19,800640,781.88
dbo,FACT_TICKET_AUDIT_TRAIL,447053138,16045208,15669.15,15521696,15157.91,523512,511.24
dbo,FACT_EBB_ACP_OLD,168655807,15178816,14823.06,15016904,14664.95,161912,158.12
dbo,LKP_DIM_VALUES_INTERACTIONS_AGG,279285693,14503696,14163.77,14503184,14163.27,512,0.50
dbo,PRODCAT_XI_TIER_FIX,511855859,13835176,13510.91,12880888,12578.99,954288,931.92
ext_BIW,NRD_XChange_IQ_FiscalMonth,85386757,13609200,13290.23,13588768,13270.28,20432,19.95
dbo,FACT_XI_INTERACTIONS_ORDERS,169060175,12650288,12353.80,12198944,11913.03,451344,440.77
dbo,DIM_ACCOUNT_PROMOTION_MONTHLY_SUMMARY,960081169,12121712,11837.61,11696160,11422.03,425552,415.58
dbo,FACT_SENTIMENT,260231510,11945488,11665.52,11236032,10972.69,709456,692.83
ext_BIW,NRD_XChange_FiscalMonth,72282359,11812520,11535.66,11784552,11508.35,27968,27.31
dbo,FACT_PHONE_LOG_ACTIVITY_AGENT,322177797,11014664,10756.51,10570432,10322.69,444232,433.82
dbo,FACT_XMLINES_PENDING,181934100,10557680,10310.23,10410568,10166.57,147112,143.66
dbo,FACT_CALL_DRIVER_SPEECH_QUERY_REF,393954280,9620872,9395.38,9138552,8924.37,482320,471.02
dbo,FACT_I3_INTERACTION_QUERY_PIVOT,53971511,9510616,9287.71,8739752,8534.91,770864,752.80
dbo,FACT_AICR_60_90,128176936,9187824,8972.48,8843848,8636.57,343976,335.91
dbo,FACT_DISCONNECT_REASONS,672809990,8756032,8550.81,8338064,8142.64,417968,408.17
dbo,MYPERFORMANCE_SESSION_ANSWER_DIM,44537790,7497968,7322.23,6942384,6779.67,555584,542.56
stage,LKP_DIM_VALUES_INTERACTIONS_ORDERS_NEW,205167583,6883112,6721.79,6695832,6538.90,187280,182.89
dbo,FACT_PHONE_LOG_ACTIVITY_AGENT_OLD,192242084,6865624,6704.71,6602144,6447.41,263480,257.30
dbo,FACT_ORDERS_PEND_CANCEL,160180389,6732256,6574.47,6628096,6472.75,104160,101.72
stage,FACT_AICR_GROUP_IND_UPDATE,110226431,6624560,6469.30,6253736,6107.16,370824,362.13
dbo,DIM_AGENT_FISCAL_PERIOD_EOM,6553016,6134336,5990.56,6116600,5973.24,17736,17.32
dbo,FACT_NCOE_TICKETS_CR,264536825,5984288,5844.03,5765848,5630.71,218440,213.32
dbo,FACT_I3_INTERACTION_QUERY_PIVOT_BKP_5_9,33955258,5820896,5684.47,5820000,5683.59,896,0.88
dbo,FACT_XSR_GSR_COMPONENTS,111658640,5708368,5574.58,5680664,5547.52,27704,27.05
dbo,DIM_CALL_ATTRIBUTE,5500125,5042872,4924.68,4840192,4726.75,202680,197.93
dbo,FACT_TRANSFER_OUT_REF,173076198,5042424,4924.24,4838912,4725.50,203512,198.74
dbo,FACT_SWS_ESTIMATE_BASE,157935895,4931224,4815.65,4716144,4605.61,215080,210.04
dbo,FACT_EBB_BULK_REF,169115562,4859448,4745.55,4535360,4429.06,324088,316.49
dbo,FACT_I3_INTERACTION_QUERY_PIVOT_BKP_3_28_25,27769518,4817064,4704.16,4816328,4703.45,736,0.72
dbo,FACT_I3_INTERACTION_QUERY_PIVOT_bkp_0328,27769518,4815712,4702.84,4815496,4702.63,216,0.21
dbo,FACT_CALL_DRIVER_REF,255800050,4608480,4500.47,4329264,4227.80,279216,272.67
dbo,FACT_TNPS_RESTATE_BKP,10994356,4208880,4110.23,4208520,4109.88,360,0.35
dbo,MYPERFORMANCE_SESSION_ANSWER_DIM_NEW,24421548,4119904,4023.34,3738784,3651.16,381120,372.19
dbo,FACT_EDIP_TRANSACTION_HISTORY,106165610,4091936,3996.03,3874944,3784.13,216992,211.91
dbo,FACT_TNPS_RESTATE,44024279,4021472,3927.22,4007344,3913.42,14128,13.80
dbo,FACT_TRANSFER_METRICS_W_EWT,171042039,3507816,3425.60,3311528,3233.91,196288,191.69
dbo,FACT_NRDP_ADJUST,209782816,3308488,3230.95,3181072,3106.52,127416,124.43
dbo,FACT_LTR_07,124471405,3160792,3086.71,2931536,2862.83,229256,223.88
dbo,FACT_AGENT_TRAINING_REF,94390292,3027728,2956.77,2886000,2818.36,141728,138.41
stage,TRANSFER_AGENT_FIX_INTERACTIONS,84668408,2975824,2906.08,2535648,2476.22,440176,429.86
dbo,FACT_PITCHES_MOVES,49044000,2767640,2702.77,2703552,2640.19,64088,62.59
dbo,NRDP_METRIC_EXTRACT_COIN,2398132,2649904,2587.80,2599120,2538.20,50784,49.59
dbo,FACT_MDM_XM_ORDER_TIMELINE_DETAILS,16974109,2620392,2558.98,2538144,2478.66,82248,80.32
dbo,FACT_TECH_FLEX,44059223,2464400,2406.64,2372408,2316.80,91992,89.84
dbo,FACT_ECM_CASE,5699712,2361600,2306.25,2273440,2220.16,88160,86.09
dbo,FACT_CUST_DEMO_FIBER_FOOTPRINT,190098531,2191368,2140.01,2182240,2131.09,9128,8.91
dbo,DIM_AGENT_FISCAL_PERIOD_EXTENDED,1996780,2014696,1967.48,2014544,1967.33,152,0.15
dbo,FACT_XSR_ALL,43316658,2004648,1957.66,1976544,1930.22,28104,27.45
dbo,FACT_TRUCK_ROLL,39915985,1974352,1928.08,1941536,1896.03,32816,32.05
dbo,FACT_EINSTEIN_CHATS,42010292,1927160,1881.99,1821456,1778.77,105704,103.23
dbo,FACT_AGENT_ESHRINK,35234235,1890224,1845.92,1857528,1813.99,32696,31.93
dbo,FACT_CALL_DRIVER_TABULAR_REF,88974761,1877344,1833.34,1750368,1709.34,126976,124.00
stage,FACT_UPDATE_CHAT,37529885,1850592,1807.22,1643240,1604.73,207352,202.49
dbo,FACT_COLLECTION,23285945,1826432,1783.63,1802488,1760.24,23944,23.38
dbo,Dim_Agent_Chat_characteristics,15583664,1773224,1731.66,1687200,1647.66,86024,84.01
dbo,MYPERFORMANCE_SESSION_DIM,15553524,1754976,1713.84,1721704,1681.35,33272,32.49
dbo,FACT_ECM_INTERACTION,4207978,1743376,1702.52,1670608,1631.45,72768,71.06
dbo,DIM_TABULAR_PERSON_HIER_TBL,2912149,1691632,1651.98,1691408,1651.77,224,0.22
dbo,FACT_AGENT_CHATS,22846761,1518880,1483.28,1372256,1340.09,146624,143.19
dbo,FACT_NRD_SPRINKLR_MESSAGES,107199212,1500904,1465.73,1431112,1397.57,69792,68.16
dbo,FACT_BIW_XCHANGE,20572991,1442784,1408.97,1402360,1369.49,40424,39.48
dbo,FACT_XSR,38172294,1434528,1400.91,1401128,1368.29,33400,32.62
dbo,FACT_XM_LINE_DETAIL,20161095,1413912,1380.77,1356688,1324.89,57224,55.88
dbo,FACT_INTRAHOUR_AGENT,38345149,1371504,1339.36,1256376,1226.93,115128,112.43
stage,FACT_AICR_GROUP_IND_UPDATE_CHAT,21812478,1294736,1264.39,1220296,1191.70,74440,72.70
dbo,FACT_LAT_FORECASTINTERVALS,8883038,1179312,1151.67,1150168,1123.21,29144,28.46
dbo,FACT_IACT_MONTHLY_PERNR,47947704,1080016,1054.70,1066088,1041.10,13928,13.60
dbo,DIM_AGENT_FISCAL_PERIOD_MOST,2152208,1074408,1049.23,1072608,1047.47,1800,1.76
dbo,FACT_LTR_30_UNMATURED,56096358,1013744,989.98,946760,924.57,66984,65.41
dbo,FACT_EWFM_AGENT_SEGMENT_RPT,27243216,980176,957.20,930712,908.90,49464,48.30
dbo,FACT_INTERACTION_END_DIFF,36811489,943856,921.73,885672,864.91,58184,56.82
stage,LKP_DIM_VALUES_INTERACTIONS_ORDERS,19701417,855688,835.63,824976,805.64,30712,29.99
dbo,FACT_COE_RATES,5745358,836888,817.27,794792,776.16,42096,41.11
stage,DIM_TABULAR_AGENT_SKILL_LOCATION_LKP,8305577,765328,747.39,746824,729.32,18504,18.07
dbo,DIM_NBX_M2M,17244609,701080,684.65,600712,586.63,100368,98.02
dbo,vw_Dispositions_PrePaid,6069984,700384,683.97,694752,678.47,5632,5.50
dbo,FACT_XM_ACTIVATION,12019495,695408,679.11,673856,658.06,21552,21.05
dbo,FACT_ORDERS_BKP_5_16,3771298,665816,650.21,665672,650.07,144,0.14
stage,FIX_ORDERS_CUST_MAP,18802286,660872,645.38,563144,549.95,97728,95.44
dbo,FACT_DEVICE_ACTIVATION_DAYS,12953972,650216,634.98,632968,618.13,17248,16.84
stage,PRODCAT_XI_TIER_FIX,22398938,628384,613.66,549312,536.44,79072,77.22
stage,FACT_PRODCAT_AO_FIX,16932135,619728,605.20,573144,559.71,46584,45.49
dbo,FACT_PRODCAT_EBB_REF,45253608,604960,590.78,564936,551.70,40024,39.09
dbo,FACT_AICR_1DayRepeat_CHAT,48370838,579656,566.07,535768,523.21,43888,42.86
dbo,vw_ScorecardMetricValues,2966283,489088,477.63,488976,477.52,112,0.11
dbo,FACT_NUANCE_LAT,6649980,454920,444.26,443512,433.12,11408,11.14
dbo,DIM_TABULAR_PERSON_HIER,2610759,450128,439.58,444176,433.77,5952,5.81
dbo,FACT_MDM_AGG_IACT_PERNR,21031871,444952,434.52,439016,428.73,5936,5.80
dbo,FACT_DEVICE_ACTIVATION_ALL,8390029,420912,411.05,407712,398.16,13200,12.89
stage,TRANSFER_AGENT_FIX_ORDERS,11910012,418504,408.70,356680,348.32,61824,60.38
dbo,FACT_S4X,5332488,414344,404.63,395952,386.67,18392,17.96
dbo,DIM_TABULAR_AGENT_SKILL_LOCATION_LKP,8305577,402512,393.08,388032,378.94,14480,14.14
dbo,NRD_JIRA_TICKET_DATA_STAGE_RESULTS,28690,388864,379.75,376496,367.67,12368,12.08
dbo,FACT_DEVICE_ACTIVATION,7306464,362672,354.17,350816,342.59,11856,11.58
dbo,FACT_XM_CONTRIBUTION,7062341,362600,354.10,346256,338.14,16344,15.96
stage,FACT_PITCHES_NEXIDIA,8142488,322592,315.03,322088,314.54,504,0.49
dbo,MYPERFORMANCE_SESSION_BEHAVIOR_DIM,5169565,299424,292.41,289624,282.84,9800,9.57
dbo,DIM_CALL_ATTRIBUTE_BKP_10_17,620151,293920,287.03,293680,286.80,240,0.23
stage,DIM_AGENT_FISCAL_PERIOD_EXTENDED,296686,276432,269.95,276048,269.58,384,0.38
dbo,vw_MyPerformance_CoachingSessions,1002666,258896,252.83,253792,247.84,5104,4.98
dbo,FACT_TNPS,4856024,238824,233.23,221432,216.24,17392,16.98
dbo,FACT_WORKLIST_TASK,8246100,231472,226.05,209928,205.01,21544,21.04
dbo,FACT_PRE_XAP_EXIT,7824094,204600,199.80,167944,164.01,36656,35.80
dbo,FACT_SALESCOMP,235996,200904,196.20,200560,195.86,344,0.34
dbo,vw_Dispositions_EquipmentUpdate,1116633,199904,195.22,195688,191.10,4216,4.12
dbo,DIM_CALL_DRIVER_M2M,5810285,197960,193.32,196304,191.70,1656,1.62
dbo,FACT_SOCIAL_EMAIL_BASE_DETAIL,3500755,197176,192.55,188368,183.95,8808,8.60
dbo,FACT_ORDERS_XAP,5740937,195296,190.72,186136,181.77,9160,8.95
dbo,DIM_TABULAR_AGENT_SKILL_LOCATION,243698,183240,178.95,182800,178.52,440,0.43
dbo,FACT_DEVICE_SWAP_BOM_ORDER,4573199,181512,177.26,173672,169.60,7840,7.66
dbo,DIM_TABULAR_AGENT_SKILL_LOCATION_LKP_OLD,3060400,172552,168.51,162608,158.80,9944,9.71
ext_BIW,NRD_NBX_Count_FiscalMonth,1059588,170520,166.52,160752,156.98,9768,9.54
dbo,FACT_X2_COE_RATES,1108860,164296,160.45,156432,152.77,7864,7.68
logs,procs,1547124,157424,153.73,147448,143.99,9976,9.74
stage,FACT_CALL_DETAIL_T1,382531,154312,150.70,153952,150.34,360,0.35
dbo,IDM_BP_AGENTS_BAK,422914,153920,150.31,149856,146.34,4064,3.97
dbo,FACT_NUANCE_CHAT_ABANDONED,3938103,152752,149.17,143344,139.98,9408,9.19
dbo,MYPERFORMANCE_SESSION_METRIC_PROGRAM_DIM,2582912,150456,146.93,146576,143.14,3880,3.79
dbo,FACT_UNIT_OF_WORK_X2,1209028,148976,145.48,142056,138.73,6920,6.76
dbo,FACT_DIGITAL_DETAILS,2557169,135536,132.36,121728,118.88,13808,13.48
dbo,NRD_XChange_CalendarDate_DMRCXSO_6051,1504803,134256,131.11,132848,129.73,1408,1.38
dbo,FACT_UNIT_OF_WORK,2512256,132504,129.40,119568,116.77,12936,12.63
dbo,FACT_XMC_DETAIL,1146785,132168,129.07,120904,118.07,11264,11.00
dbo,FACT_XM_ADDS,1845171,122368,119.50,118880,116.09,3488,3.41
dbo,IDM_BP_AGENTS,315798,119760,116.95,119448,116.65,312,0.30
ext_BIW,NRD_XChange_CalendarDate_adhocrun,1354420,119752,116.95,119664,116.86,88,0.09
dbo,FACT_WORKLIST_FALLOUT,4952012,118520,115.74,107784,105.26,10736,10.48
dbo,Calibrations_Sessions_Participants_Items,448358,117320,114.57,109040,106.48,8280,8.09
dbo,MYPERFORMANCE_SESSION_ITEM_DIM,1761331,113864,111.20,113072,110.42,792,0.77
dbo,DIM_XAP_EXIT,760373,112968,110.32,109200,106.64,3768,3.68
ext_BIW,NRD_XChange_CalendarDate,1239290,109656,107.09,109640,107.07,16,0.02
stage,DIM_TABULAR_PERSON_HEAP,531755,109456,106.89,109416,106.85,40,0.04
dbo,FACT_XM_ACTIVATION_bak,3333860,108752,106.20,107016,104.51,1736,1.70
dbo,FACT_SPEECH_QUERY_REF,7627934,107856,105.33,100248,97.90,7608,7.43
dbo,DIM_TABULAR_PERSON_HIER_LKP,6904151,105928,103.45,97456,95.17,8472,8.27
dbo,FACT_XM_LINE_DETAIL_BAK,2177342,105624,103.15,104192,101.75,1432,1.40
ADSI,NTLOGIN_INFO,231822,103560,101.13,103528,101.10,32,0.03
dbo,Calibrations_Sessions_Participants_Items_TEST,398736,102752,100.34,96568,94.30,6184,6.04
dbo,FACT_NCOE_TICKETS_ESL,1100350,100208,97.86,88912,86.83,11296,11.03
dbo,DIM_TABULAR_PERSON_DETAILS,768681,99528,97.20,98712,96.40,816,0.80
dbo,vw_BIA_Activities,2132160,98952,96.63,87168,85.13,11784,11.51
dbo,IDM_BP_AGENTS_BKP_20250830,309452,96712,94.45,96560,94.30,152,0.15
dbo,DIM_ECM_CASE,569140,94664,92.45,85264,83.27,9400,9.18
dbo,DIM_TRANSFER_ORIGIN_AGENT,736625,92624,90.45,88896,86.81,3728,3.64
dbo,DIM_TABULAR_AGENT_FISCAL_PERIOD,2327334,91720,89.57,89776,87.67,1944,1.90
dbo,FACT_NAT_ADHERENCE,3369044,91336,89.20,85432,83.43,5904,5.77
dbo,FACT_LAT_REF,4016570,91056,88.92,86704,84.67,4352,4.25
dbo,vw_MyPerformance_SessionSubjects,1100046,90696,88.57,90696,88.57,0,0.00
dbo,NRDP_MYPERFORMANCE_TOPIC_TEMPLATE_TRACKING,759315,88776,86.70,86328,84.30,2448,2.39
stage,FACT_ORDERS_T1,128505,86152,84.13,86040,84.02,112,0.11
dbo,FACT_SALES_TRACK,1397510,85056,83.06,83520,81.56,1536,1.50
dbo,FACT_SPRINKLR_AGENT_PERFORMANCEINTERVAL,684724,84504,82.52,74872,73.12,9632,9.41
dbo,FACT_NCOE_COACH_SESSIONS,1690517,84432,82.45,84136,82.16,296,0.29
dbo,FACT_AGENT_TRAINING_REF_FIX,2292714,83272,81.32,75376,73.61,7896,7.71
dbo,usp_S4X_Evaluations_V9,314463,83144,81.20,81408,79.50,1736,1.70
dbo,vw_MYPERFORMANCE_AUDITLOGS,802585,72584,70.88,72296,70.60,288,0.28
stage,FACT_CUST_MAP_ID_UPDATE,2803258,72456,70.76,72152,70.46,304,0.30
SSAS,factCubeElementQueries,580326,71312,69.64,65256,63.73,6056,5.91
dbo,FACT_CRM_TICKETS_LOG,1537122,69896,68.26,62248,60.79,7648,7.47
dbo,FACT_AGENT_TRAINING_REF_old,1637215,65096,63.57,63208,61.73,1888,1.84
ext_BIW,NRD_XChange_IQ_CalendarDate,581407,60240,58.83,60184,58.77,56,0.05
dbo,FACT_SOCIAL_EMAIL_DETAIL,992810,57456,56.11,56200,54.88,1256,1.23
stage,FACT_SPEECH_QUERY_M2M,2218336,49288,48.13,46728,45.63,2560,2.50
dbo,FACT_INTRAHOUR_AGENT_OLD,1376536,48840,47.70,40592,39.64,8248,8.05
stage,FACT_XMPP_UPDATE,1297371,47272,46.16,45616,44.55,1656,1.62
stage,IDM_BP_AGENTS_All_0918,200801,45960,44.88,45960,44.88,0,0.00
stage,MDX_IQ_DAILY,180126,45728,44.66,45552,44.48,176,0.17
dbo,NRDP_MYPERFORMANCE_HUDDLETOPICS_TESTING,214182,43984,42.95,32296,31.54,11688,11.41
stage,FACT_DEVICE_ACTIVATION_DAYS,354559,40840,39.88,37104,36.23,3736,3.65
dbo,DIM_CUSTOMER_CUST_MAP_LKP,1967815,40776,39.82,39864,38.93,912,0.89
dbo,NRDP_MYPERFORMANCE_HUDDLEPARTICIPANTS,616701,39688,38.76,37640,36.76,2048,2.00
dbo,IDM_BP_AGENTS_old,114807,37192,36.32,37064,36.20,128,0.13
stage,DASHBOARD_TEST,89103,36056,35.21,35872,35.03,184,0.18
dbo,IDM_BP_AGENTS_20220914,124475,35792,34.95,35608,34.77,184,0.18
dbo,dimDateTime,219216,35016,34.20,34152,33.35,864,0.84
stage,FACT_BEG_XAP_FIX,2736852,34040,33.24,30912,30.19,3128,3.05
dbo,Audit_Fact_Details_by_Day,194828,33416,32.63,27912,27.26,5504,5.38
dbo,DimDateTime_OLD,201648,32264,31.51,31416,30.68,848,0.83
dbo,FACT_XM_ACTIVATION_NEW,772553,32176,31.42,31728,30.98,448,0.44
dbo,FACT_ADD_INST_TV,546689,32080,31.33,28512,27.84,3568,3.48
dbo,FACT_PRODCAT_XTV_PPAY_M2M,430528,30216,29.51,30152,29.45,64,0.06
dbo,DIM_NBX_REC_M2M,1189372,29320,28.63,26056,25.45,3264,3.19
dbo,IDM_BP_AGENTS_TEST_29092023,100838,26760,26.13,26680,26.05,80,0.08
stage,IDM_BP_AGENTS_ADHOC,101000,25352,24.76,24856,24.27,496,0.48
dbo,DIM_BASE_RGU_PROFILE,44151,25096,24.51,24984,24.40,112,0.11
SSAS,factCubeElementQueries_final,80485,23688,23.13,13368,13.05,10320,10.08
stage,IDM_BP_AGENTS_NODIVISION,72093,23432,22.88,22736,22.20,696,0.68
stage,FACT_DEVICE_ACTIVATION,218467,22664,22.13,20960,20.47,1704,1.66
stage,FACT_TNPS_RESTATE_201801,308815,22216,21.70,22104,21.59,112,0.11
ext_BIW,NRD_XChange_Persons,74195,20872,20.38,20840,20.35,32,0.03
dbo,IDM_BP_AGENTS_TEST,78842,19912,19.45,18944,18.50,968,0.95
dbo,FACT_NUANCE_LAT_OLD,338696,19432,18.98,18656,18.22,776,0.76
stage,LKP_PRODCAT_XI_TIER,179174,16912,16.52,16736,16.34,176,0.17
stage,FACT_TRANSFER_OUT_REF_201901,1300000,16712,16.32,15480,15.12,1232,1.20
stage,FACT_TRANSFER_OUT_REF_201902,1300000,16712,16.32,15456,15.09,1256,1.23
dbo,FACT_PRODCAT_XI_TIER_M2M,179174,16520,16.13,11512,11.24,5008,4.89
stage,IDM_BP_AGENTS_NODIVISION_TEST,69420,16264,15.88,15608,15.24,656,0.64
stage,IDM_BP_AGENTS_NODIVISION_BKP,56630,15688,15.32,15408,15.05,280,0.27
dbo,vw_PartnerStaffing_StaffingUpdates,140492,15504,15.14,14440,14.10,1064,1.04
dbo,v_NRDEmpMetricExtract_COINs_Incentives,204774,14472,14.13,14304,13.97,168,0.16
dbo,DIM_TABULAR_AGENT_SUPERVISOR_LKP,652351,13768,13.45,13632,13.31,136,0.13
dbo,DIM_CALL_DRIVER_GROUP3,75488,11016,10.76,10504,10.26,512,0.50
dbo,DIM_PRODCAT_XI_TIER,38303,10632,10.38,10304,10.06,328,0.32
dbo,vw_MYPERFORMANCE_SESSIONPRODUCTS,273219,10440,10.20,10440,10.20,0,0.00
stage,UPDATE_FACT_BASE_RGU_PROFILE,694029,10272,10.03,8048,7.86,2224,2.17
dbo,DIM_PRODCAT_ALL_OTHERS,45530,10056,9.82,9664,9.44,392,0.38
dbo,DIM_BASE_RGU_PROFILE_NOWTV,28969,9928,9.70,9880,9.65,48,0.05
dbo,NRDP_MYPERFORMANCE_TOPIC_CONTENTS,122373,9928,9.70,9648,9.42,280,0.27
dbo,vw_MYPERFORMANCE_TNPSSHARE,72838,9168,8.95,8904,8.70,264,0.26
stage,FACT_AICR_CUST_T1_UPD,212348,9160,8.95,8040,7.85,1120,1.09
dbo,DIM_CUSTOMER_W_BULK,155648,8584,8.38,6024,5.88,2560,2.50
dbo,DIM_SPEECH_QUERY_M2M,359417,8584,8.38,7080,6.91,1504,1.47
dbo,NRDP_MYPERFORMANCE_HUDDLE_TOPIC_TAGS,148597,8584,8.38,8464,8.27,120,0.12
dbo,BACKUP_FACT_CALL_DETAIL_20250912,0,8328,8.13,2728,2.66,5600,5.47
dbo,DIM_CALL_DRIVER_GROUP2,78158,8200,8.01,7472,7.30,728,0.71
dbo,vw_Feedback_Evaluations,12116,7568,7.39,7432,7.26,136,0.13
dbo,DIM_CALL_DRIVER_GROUP1,100483,7496,7.32,7024,6.86,472,0.46
stage,FACT_IACT_MONTHLY_PERNR,630276,7432,7.26,7272,7.10,160,0.16
dbo,FACT_ESL_TICKET_EVALUATION,18962,7416,7.24,1664,1.63,5752,5.62
dbo,FACT_ORDERS_BKP_4_25,0,7240,7.07,1864,1.82,5376,5.25
dbo,NRD_JIRA_TICKET_DATA_STAGE,24906,7224,7.05,6304,6.16,920,0.90
dbo,DIM_PRODCAT_XTV_PPAY,51637,7176,7.01,6736,6.58,440,0.43
stage,FACT_AICR_IQUEUE_T1_UPD,159126,6920,6.76,6040,5.90,880,0.86
stage,FACT_CHAT_DETAIL_T1,62405,6088,5.95,5888,5.75,200,0.20
dbo,FACT_BRIDGE_PRODUCT_ORDER_TYPE_V2,190297,5704,5.57,5496,5.37,208,0.20
dbo,DIM_TRAINING_STATUS,47394,5704,5.57,5328,5.20,376,0.37
dbo,DIM_BIT_MATRIX,65536,5576,5.45,5296,5.17,280,0.27
dbo,DIM_TABULAR_AGENT_TENURE,25141,5192,5.07,5120,5.00,72,0.07
dbo,DIM_TABULAR_NATIONAL_TEAMS,49177,4688,4.58,4600,4.49,88,0.09
dbo,MYPERFORMANCE_SESSION_COMPETENCY_DIM,88426,4616,4.51,4400,4.30,216,0.21
dbo,NRDP_Trust_Evaluations,34872,4616,4.51,4320,4.22,296,0.29
dbo,DIM_CUST_MAP_INTERACTION,27906,4488,4.38,4360,4.26,128,0.13
stage,XM_LINE_DETAIL_APM,88898,4424,4.32,4336,4.23,88,0.09
dbo,FACT_PRODCAT_XTV_DGTL_M2M,54362,4368,4.27,4312,4.21,56,0.05
SSAS,dimCubeElements_final,14433,4272,4.17,2672,2.61,1600,1.56
stage,XM_LINE_DETAIL_FACT,85269,4232,4.13,4160,4.06,72,0.07
dbo,DIM_CLV_ATTRIBUTE,28662,4104,4.01,3944,3.85,160,0.16
stage,IDM_BP_AGENTS_CENTRAL,14429,4104,4.01,4040,3.95,64,0.06
dbo,NRDP_MYPERFORMANCE_HUDDLETOPICS,24602,3976,3.88,2656,2.59,1320,1.29
dbo,vw_Dispositions_OTKCompliments,10509,3728,3.64,3624,3.54,104,0.10
stage,IDM_BP_AGENTS_NORTHEAST_ACTIVETRU,13686,3592,3.51,3264,3.19,328,0.32
dbo,vw_Dispositions_Accessibility,61818,3528,3.45,3384,3.30,144,0.14
SSAS,dimCubeElements,14433,3472,3.39,2576,2.52,896,0.88
stage,FACT_AICR_ITYP_T1_UPD,97570,3400,3.32,2936,2.87,464,0.45
stage,IDM_BP_AGENTS_NORTHEAST_STATUS,12382,3336,3.26,3000,2.93,336,0.33
stage,IDM_BP_AGENTS_WEST,11698,3336,3.26,3256,3.18,80,0.08
dbo,FACT_NUANCE_AGENT_DAY,27512,3280,3.20,2904,2.84,376,0.37
dbo,vw_VQE_Evaluations,12952,3280,3.20,3080,3.01,200,0.20
stage,IDM_BP_AGENTS_NORTHEAST,10696,3144,3.07,3064,2.99,80,0.08
stage,IDM_BP_AGENTS_NORTHEAST_bak,11815,3080,3.01,2832,2.77,248,0.24
stage,DIM_CUSTOMER_CUST_MAP_LKP,121348,3016,2.95,2600,2.54,416,0.41
coe,Periods,7715,3008,2.94,2600,2.54,408,0.40
dbo,MyPerformance_TopicTemplateSchedule,33258,2824,2.76,2784,2.72,40,0.04
dbo,DIM_TABULAR_LOCATION,16024,2632,2.57,2560,2.50,72,0.07
dbo,DIM_TICKET_ATTRIBUTES,24349,2632,2.57,2592,2.53,40,0.04
dbo,IDM_MISSING,63509,2504,2.45,2352,2.30,152,0.15
dbo,vw_Dispositions_DOJRepair,15186,2440,2.38,2384,2.33,56,0.05
dbo,DIM_DISCONNECT_REASONS,37463,2384,2.33,2360,2.30,24,0.02
dbo,DIM_CALL_DRIVER_51_100,127274,2312,2.26,2160,2.11,152,0.15
SSAS,mdschema_measures,13818,2184,2.13,2144,2.09,40,0.04
dbo,DIM_BIW_ENGAGEMENT,13191,1992,1.95,1992,1.95,0,0.00
dbo,DIM_CALL_DRIVER_01_50,98259,1824,1.78,1696,1.66,128,0.13
dbo,vw_Dispositions_Innovation,9843,1800,1.76,1768,1.73,32,0.03
dbo,DIM_CALL_DRIVER_101_150,74200,1416,1.38,1264,1.23,152,0.15
dbo,DIM_PRODCAT_XTV_DGTL,7549,1416,1.38,1360,1.33,56,0.05
dbo,vw_MyPerformance_Employee_Count,12299,1352,1.32,1296,1.27,56,0.05
SSAS,trace_P1_Tabular,126,1296,1.27,1208,1.18,88,0.09
dbo,DIM_PRODCAT_XH_XTV_XV_TIER,8983,1288,1.26,1216,1.19,72,0.07
dbo,DIM_PRODCAT_EBB_REF,16385,1224,1.20,1112,1.09,112,0.11
dbo,DIM_GENERIC,86402,1160,1.13,1120,1.09,40,0.04
dbo,DIM_ECM_INTERACTION,5280,1032,1.01,904,0.88,128,0.13
stage,FACT_IACT_PRODMIX_T1_UPD,27060,968,0.95,824,0.80,144,0.14
dbo,SSAS_PARTITIONS_2022,2141,912,0.89,648,0.63,264,0.26
coe,periods_bkp,7563,904,0.88,904,0.88,0,0.00
dbo,NRDP_MYPERFORMANCE_HUDDLES,6178,840,0.82,832,0.81,8,0.01
dbo,DIM_DISCONNECT_REASONS_BKP_03122023,12774,840,0.82,808,0.79,32,0.03
NDW,NDW_BASE_VIEWS__FISCAL_CALENDAR,13880,776,0.76,680,0.66,96,0.09
dbo,vw_Dispositions_Battery,5216,720,0.70,632,0.62,88,0.09
dbo,DIM_DATE,3653,680,0.66,544,0.53,136,0.13
dbo,DIM_MDM_FISCAL_CALENDAR,1974,664,0.65,336,0.33,328,0.32
dbo,DIM_NBX_UNIQUE,3657,648,0.63,560,0.55,88,0.09
dbo,SSAS_PARTITIONS_2022_2052,1204,592,0.58,152,0.15,440,0.43
dbo,DIM_DATE_CUSTOM_PERIODS,1838,584,0.57,512,0.50,72,0.07
admin,audit_job,2618,576,0.56,360,0.35,216,0.21
dbo,DIM_DATE_BACKUP,2922,520,0.51,416,0.41,104,0.10
dbo,dimFiscalPeriods,6385,520,0.51,408,0.40,112,0.11
NCOE,dimFiscalPeriods,6361,520,0.51,352,0.34,168,0.16
stage,FACT_CALL_fix,1001,504,0.49,112,0.11,392,0.38
dbo,vw_Trust_Users,3890,456,0.45,456,0.45,0,0.00
dbo,DIM_DATE_BACKUP_LATEST,2557,392,0.38,344,0.34,48,0.05
dbo,DIM_NCOE_COACH_SESSIONCHARACTERISTICS,2444,392,0.38,288,0.28,104,0.10
dbo,vw_E911_Evaluations,1060,336,0.33,240,0.23,96,0.09
dbo,SSAS_PARTITIONS_2022_BACKUP,2141,328,0.32,312,0.30,16,0.02
dbo,SSAS_PARTITIONS_2022_TESTING,2141,328,0.32,312,0.30,16,0.02
stage,DIM_DATE,2557,328,0.32,328,0.32,0,0.00
dbo,DIM_UUI_CONTEXT_CODES,1062,328,0.32,184,0.18,144,0.14
dbo,DIM_TABULAR_QUEUE,2883,328,0.32,272,0.27,56,0.05
dbo,FACT_ENPS,2436,328,0.32,272,0.27,56,0.05
SSAS,mdschema_levels,1920,264,0.26,208,0.20,56,0.05
dbo,DIM_PAYMENTS_ATTRIBUTES,1547,264,0.26,160,0.16,104,0.10
dbo,DIM_NCOE_COACH_COMPETENCIES,367,264,0.26,184,0.18,80,0.08
dbo,DIM_NBX_REC,2254,264,0.26,152,0.15,112,0.11
dbo,SSAS_PARTITIONS_2022_BKP_23_12,1456,264,0.26,216,0.21,48,0.05
dbo,StageIdmNew,1000,264,0.26,216,0.21,48,0.05
dbo,vw_eSLAM_eSLAMUpdates,74,208,0.20,64,0.06,144,0.14
dbo,vw_LNP_Tasks,48,208,0.20,40,0.04,168,0.16
dbo,SSAS_PARTITIONS_2022_BKP20231224,953,200,0.20,144,0.14,56,0.05
dbo,SSAS_Partitions_Latest,1012,200,0.20,160,0.16,40,0.04
dbo,SSAS_TABULAR_PARTITIONS,1166,200,0.20,144,0.14,56,0.05
dbo,DIM_METRICS,249,200,0.20,48,0.05,152,0.15
dbo,DIM_MDM_DASHBOARD_INDEX_INFO,192,200,0.20,32,0.03,168,0.16
dbo,DIM_DATE_REPORTING,401,200,0.20,56,0.05,144,0.14
dbo,DIM_DATE_VENDOR_REPORTING,2922,200,0.20,112,0.11,88,0.09
dbo,DIM_EINSTEIN_TROUBLESHOOT,569,200,0.20,80,0.08,120,0.12
dbo,DIM_CRM_TICKETS_LOG,1638,200,0.20,152,0.15,48,0.05
dbo,DIM_AUDIT_TRAIL_CHARACTERISTICS,444,200,0.20,144,0.14,56,0.05
dbo,DIM_TRANSFER_ORIGIN_IACT,1903,200,0.20,112,0.11,88,0.09
dbo,MYPERFORMANCE_SESSION_OUTCOME_DIM,2299,200,0.20,144,0.14,56,0.05
dbo,LKP_CUSTOMER_EBB_BULK,1461,200,0.20,72,0.07,128,0.13
SSAS,dimCube,2,144,0.14,32,0.03,112,0.11
dbo,AUDIT_JOBS,13,144,0.14,32,0.03,112,0.11
dbo,audit_log,66,144,0.14,32,0.03,112,0.11
dbo,Audit_Fact_Details_T1,6,144,0.14,32,0.03,112,0.11
dbo,DIM_DATE_VENDOR_REPORTING_BKP_12_23_2024,2557,144,0.14,96,0.09,48,0.05
dbo,DIM_DATE_VENDOR_REPORTING_Test,2922,144,0.14,104,0.10,40,0.04
dbo,DIM_LAT_FORECAST_ATTRIBUTES,921,136,0.13,104,0.10,32,0.03
dbo,DIM_EWFM_SEGMENT_CODE,1036,136,0.13,80,0.08,56,0.05
dbo,DIM_SENTIMENT_QA,768,136,0.13,72,0.07,64,0.06
dbo,DIM_CUSTOMER_ACCOUNT_BULK,2049,136,0.13,80,0.08,56,0.05
dbo,DIM_CUSTOMER_EXPANDED,1216,136,0.13,136,0.13,0,0.00
dbo,DIM_CALL_SKILL_NUM,425,136,0.13,56,0.05,80,0.08
dbo,DIM_XM_LINE_DETAIL_ATTRIBUTE,1212,136,0.13,96,0.09,40,0.04
dbo,DIM_TRANSFER_DESTINATION,1275,136,0.13,88,0.09,48,0.05
dbo,DIM_TABULAR_NAT_ORG_HIER,452,136,0.13,72,0.07,64,0.06
dbo,NRDP_MYPERFORMANCE_TOPIC_FOLLOW_UPS_ACKNOWLEDGES,2375,136,0.13,128,0.13,8,0.01
dbo,NRDP_MYPERFORMANCE_TOPIC_TEMPLATE_CONTENTS,2362,136,0.13,120,0.12,16,0.02
dbo,NRDP_MYPERFORMANCE_TOPIC_TEMPLATE_TAGS,2071,136,0.13,128,0.13,8,0.01
dbo,NRDP_S4X_EvaluationsDeleted,1810,80,0.08,80,0.08,0,0.00
dbo,NRD_XChange_Metrics_Temp,102,80,0.08,24,0.02,56,0.05
ext_BIW,NRD_XChange_Metrics,102,72,0.07,32,0.03,40,0.04
ext_BIW,NRD_NBX_Count_CalendarDate,150,72,0.07,32,0.03,40,0.04
ext_BIW,NRD_NBX_Recommendations,57,72,0.07,16,0.02,56,0.05
dbo,NRDP_MYPERFORMANCE_TOPIC_TEMPLATE_FOLLOW_UPS,597,72,0.07,72,0.07,0,0.00
dbo,NRDP_MYPERFORMANCE_TOPIC_POLLS,172,72,0.07,40,0.04,32,0.03
dbo,NRDP_MYPERFORMANCE_TOPIC_TEMPLATE_SNOOZES,223,72,0.07,24,0.02,48,0.05
dbo,NRDP_AGENTDIM_LKP_NAT_TEAMS_SITE_DEPT,207,72,0.07,48,0.05,24,0.02
dbo,NRDP_MYPERFORMANCE_TOPIC_POLL_ANSWERS,117,72,0.07,48,0.05,24,0.02
SSAS,mdschema_cubes,71,72,0.07,24,0.02,48,0.05
SSAS,mdschema_dimensions,278,72,0.07,72,0.07,0,0.00
dbo,MissingPernrs,169,72,0.07,16,0.02,56,0.05
SSAS,mdschema_measuregroups,233,72,0.07,32,0.03,40,0.04
SSAS,factCubeElementQueries_tabular,159,72,0.07,16,0.02,56,0.05
stage,FACT_EINSTEIN_CHATS_201801,0,72,0.07,16,0.02,56,0.05
stage,FACT_TNPS_RESTATE_202104,0,72,0.07,16,0.02,56,0.05
stage,FACT_TNPS_RESTATE_202105,0,72,0.07,16,0.02,56,0.05
stage,FACT_TNPS_RESTATE_202106,0,72,0.07,16,0.02,56,0.05
stage,FACT_TNPS_RESTATE_202107,0,72,0.07,16,0.02,56,0.05
dbo,FACT_TABULAR_DIM_JOIN,1,72,0.07,16,0.02,56,0.05
stage,FACT_SPEECH_QUERY_M2M_202103,0,72,0.07,16,0.02,56,0.05
dbo,DIM_TABULAR_CUSTOMER_ACCOUNT_DEMO,52,72,0.07,16,0.02,56,0.05
dbo,DIM_XSR_COMPONENT,15,72,0.07,16,0.02,56,0.05
dbo,DIM_WORKLIST_FALLOUT_CHARACTERISTIC,53,72,0.07,16,0.02,56,0.05
dbo,DIM_WORKLIST_TASK_CHARACTERISTICS,84,72,0.07,16,0.02,56,0.05
dbo,DIM_WORKLIST_TASK_PARTICIPANTS,47,72,0.07,24,0.02,48,0.05
dbo,DIM_UNIT_OF_WORK,16,72,0.07,16,0.02,56,0.05
dbo,DIM_UOW_RULE_REF,11,72,0.07,16,0.02,56,0.05
dbo,DIM_CALL_SEGMENT_CODES,110,72,0.07,16,0.02,56,0.05
dbo,DIM_CALL_DRIVER,100,72,0.07,16,0.02,56,0.05
dbo,DIM_DASHBOARD_METRICS,47,72,0.07,16,0.02,56,0.05
dbo,DIM_CUST_TENURE,10,72,0.07,16,0.02,56,0.05
dbo,DIM_CUSTOMER_ACCOUNT,92,72,0.07,16,0.02,56,0.05
dbo,DIM_CURRENT_TODATE,48,72,0.07,16,0.02,56,0.05
dbo,DIM_ACCOUNT_PROMOTION,22,72,0.07,16,0.02,56,0.05
dbo,DIM_AICR_REPEAT_CONTACT_MATRIX,13,72,0.07,16,0.02,56,0.05
dbo,DIM_AICR_REPEAT_MATRIX,13,72,0.07,16,0.02,56,0.05
dbo,DIM_AICR_REPEAT_MATRIX_OLD,11,72,0.07,16,0.02,56,0.05
dbo,DIM_SPRINKLR_MESSAGES,104,72,0.07,16,0.02,56,0.05
dbo,DIM_SPEECH_QUERY,42,72,0.07,16,0.02,56,0.05
dbo,DIM_PRODUCT_CATEGORY,111,72,0.07,16,0.02,56,0.05
dbo,DIM_NCOE_SHORT_CALL,6,72,0.07,16,0.02,56,0.05
dbo,DIM_NCOE_TICKETS_ESL,0,72,0.07,16,0.02,56,0.05
dbo,DIM_ORDER_TYPE,33,72,0.07,16,0.02,56,0.05
dbo,DIM_PARAMETERS,8,72,0.07,16,0.02,56,0.05
dbo,DIM_EDIP_TRANSACTION_HISTORY_ATTRIBUTES,36,72,0.07,16,0.02,56,0.05
dbo,DIM_MDM_NI_BUY_FLOW_TYPE,5,72,0.07,16,0.02,56,0.05
dbo,DIM_METRIC_SOURCE,3,72,0.07,16,0.02,56,0.05
dbo,DIM_MOVE_INCOME_CONSTRAINED,8,72,0.07,16,0.02,56,0.05
dbo,DIM_DIGITAL_ATTRIBUTES,222,72,0.07,32,0.03,40,0.04
stage,DIM_DATE_fix,365,72,0.07,56,0.05,16,0.02
dbo,DIM_DATE_LATEST_DAY_SNAPSHOT,1,72,0.07,16,0.02,56,0.05
dbo,DIM_DISCONNECT_REASONS_OLD,41,72,0.07,16,0.02,56,0.05
dbo,Scorecard_NotApplicableTeamEmployees,228,72,0.07,24,0.02,48,0.05
dbo,SSAS_CURRENT_T1_XMLA,32,72,0.07,24,0.02,48,0.05
dbo,SSAS_CURRENT_XMLA,91,72,0.07,48,0.05,24,0.02
dbo,SSAS_TABULAR_XMLA,17,72,0.07,16,0.02,56,0.05
SSAS,trace_P1_MDM,0,0,0.00,0,0.00,0,0.00
dbo,SSAS_MeasureGroup_Partions,0,0,0.00,0,0.00,0,0.00
dbo,SSAS_MEASURES,0,0,0.00,0,0.00,0,0.00
stage,PRODCAT_XI_TIER_FIX_201901,0,0,0.00,0,0.00,0,0.00
ext_BIW,Periods,0,0,0.00,0,0.00,0,0.00
ADSI,NTLOGIN_INFO_MQUERY,0,0,0.00,0,0.00,0,0.00
dbo,OLE DB Destination,0,0,0.00,0,0.00,0,0.00
dbo,vw_MyPerformance_Activities,0,0,0.00,0,0.00,0,0.00
dbo,vw_PartnerStaffing_PartnerLineAdherence,0,0,0.00,0,0.00,0,0.00
dbo,vw_ScorecardRanges,0,0,0.00,0,0.00,0,0.00
ext_NRDP,vw_IntrahourAgent,0,0,0.00,0,0.00,0,0.00
dbo,vw_Dispositions_WOI,0,0,0.00,0,0.00,0,0.00
dbo,vw_Dispositions_XClassTV,0,0,0.00,0,0.00,0,0.00
dbo,vw_Dispositions_ComplimentsTracking,0,0,0.00,0,0.00,0,0.00
dbo,vw_Dispositions_CSA,0,0,0.00,0,0.00,0,0.00
dbo,vw_BIA_Activities_28857,0,0,0.00,0,0.00,0,0.00
stage,DIM_ECM_CASE,0,0,0.00,0,0.00,0,0.00
stage,DIM_EINSTEIN_TROUBLESHOOT,0,0,0.00,0,0.00,0,0.00
stage,DIM_ECM_INTERACTION,0,0,0.00,0,0.00,0,0.00
dbo,DIM_DATE_LATEST,0,0,0.00,0,0.00,0,0.00
dbo,DIM_NBX,0,0,0.00,0,0.00,0,0.00
stage,DIM_NBX_M2M,0,0,0.00,0,0.00,0,0.00
stage,DIM_NBX_REC,0,0,0.00,0,0.00,0,0.00
stage,DIM_NBX_REC_M2M,0,0,0.00,0,0.00,0,0.00
dbo,DIM_NBX_REC_V2,0,0,0.00,0,0.00,0,0.00
dbo,DIM_EWFM_TEST,0,0,0.00,0,0.00,0,0.00
stage,DIM_NCOE_COACH_COMPETENCIES,0,0,0.00,0,0.00,0,0.00
stage,DIM_NBX_UNIQUE,0,0,0.00,0,0.00,0,0.00
dbo,DIM_PAYMENTS_ATTRIBUTES_OLD,0,0,0.00,0,0.00,0,0.00
stage,DIM_NCOE_COACH_SESSIONCHARACTERISTICS,0,0,0.00,0,0.00,0,0.00
stage,DIM_PRODCAT_XH_XTV_XV_TIER,0,0,0.00,0,0.00,0,0.00
stage,DIM_PRODCAT_ALL_OTHERS,0,0,0.00,0,0.00,0,0.00
stage,DIM_PRODCAT_XTV_PPAY,0,0,0.00,0,0.00,0,0.00
stage,DIM_PRODCAT_XTV_DGTL,0,0,0.00,0,0.00,0,0.00
stage,DIM_PRODCAT_XI_TIER,0,0,0.00,0,0.00,0,0.00
dbo,DIM_SPEECH_QUERY_GROUP1,0,0,0.00,0,0.00,0,0.00
stage,DIM_SPEECH_QUERY_GROUP1,0,0,0.00,0,0.00,0,0.00
dbo,DIM_SPEECH_QUERY_GROUP2,0,0,0.00,0,0.00,0,0.00
stage,DIM_SPEECH_QUERY_GROUP2,0,0,0.00,0,0.00,0,0.00
dbo,DIM_SERVICE_ORDER,0,0,0.00,0,0.00,0,0.00
stage,DIM_SERVICE_ORDER,0,0,0.00,0,0.00,0,0.00
stage,DIM_BASE_RGU_PROFILE,0,0,0.00,0,0.00,0,0.00
stage,DIM_AGENT_FISCAL_PERIOD_MOST_202008,0,0,0.00,0,0.00,0,0.00
stage,DIM_AGENT_FISCAL_PERIOD_MOST_202508,0,0,0.00,0,0.00,0,0.00
stage,DIM_CALL_ATTRIBUTE,0,0,0.00,0,0.00,0,0.00
dbo,DIM_BIT_MATRIX_M2M,0,0,0.00,0,0.00,0,0.00
stage,DIM_BASE_RGU_PROFILE_NOWTV,0,0,0.00,0,0.00,0,0.00
stage,DIM_ACCOUNT_PROMOTION_MONTHLY_SUMMARY,0,0,0.00,0,0.00,0,0.00
dbo,CHECK_PROGRESS,0,0,0.00,0,0.00,0,0.00
stage,DIM_CUST_MAP_INTERACTION,0,0,0.00,0,0.00,0,0.00
dbo,DIM_CUSTOMER_ACCOUNT_DEMO_COMP,0,0,0.00,0,0.00,0,0.00
stage,DIM_CALL_DRIVER_GROUP1,0,0,0.00,0,0.00,0,0.00
stage,DIM_CALL_DRIVER_GROUP2,0,0,0.00,0,0.00,0,0.00
stage,DIM_CALL_DRIVER_GROUP3,0,0,0.00,0,0.00,0,0.00
stage,DIM_CALL_SKILL_NUM,0,0,0.00,0,0.00,0,0.00
stage,DIM_CLV_ATTRIBUTE,0,0,0.00,0,0.00,0,0.00
stage,DIM_XAP_EXIT,0,0,0.00,0,0.00,0,0.00
SSAS,dimCubeElement,0,0,0.00,0,0.00,0,0.00
dbo,dimCubeElements,0,0,0.00,0,0.00,0,0.00
coe,dimEmployeeService,0,0,0.00,0,0.00,0,0.00
NCOE,dimEmployeeService,0,0,0.00,0,0.00,0,0.00
dbo,dimPersonDetails,0,0,0.00,0,0.00,0,0.00
SSAS,dimPersonDetails,0,0,0.00,0,0.00,0,0.00
stage,FACT_ADD_INST_TV,0,0,0.00,0,0.00,0,0.00
ext_BIW,dimFiscalPeriods,0,0,0.00,0,0.00,0,0.00
stage,FACT_AGENT_CHATS,0,0,0.00,0,0.00,0,0.00
stage,FACT_ADJ_201801,0,0,0.00,0,0.00,0,0.00
stage,FACT_ADJ_T1,0,0,0.00,0,0.00,0,0.00
stage,FACT_AGENT_ESHRINK,0,0,0.00,0,0.00,0,0.00
stage,FACT_AGENT_TRAINING_REF,0,0,0.00,0,0.00,0,0.00
stage,FACT_AGENT_TRAINING_REF_202009,0,0,0.00,0,0.00,0,0.00
stage,DIM_TABULAR_LOCATION,0,0,0.00,0,0.00,0,0.00
stage,DIM_TABULAR_NAT_ORG_HIER,0,0,0.00,0,0.00,0,0.00
stage,DIM_TABULAR_NATIONAL_TEAMS,0,0,0.00,0,0.00,0,0.00
stage,DIM_TABULAR_AGENT_TENURE,0,0,0.00,0,0.00,0,0.00
stage,DIM_TABULAR_AGENT_FISCAL_PERIOD,0,0,0.00,0,0.00,0,0.00
stage,DIM_TABULAR_AGENT_SKILL_LOCATION,0,0,0.00,0,0.00,0,0.00
stage,DIM_TRANSFER_DESTINATION,0,0,0.00,0,0.00,0,0.00
stage,DIM_TRANSFER_ORIGIN_IACT,0,0,0.00,0,0.00,0,0.00
stage,DIM_TRANSFER_ORIGIN_AGENT,0,0,0.00,0,0.00,0,0.00
stage,DIM_TABULAR_QUEUE,0,0,0.00,0,0.00,0,0.00
stage,DIM_TABULAR_PERSON_HIER_LKP,0,0,0.00,0,0.00,0,0.00
stage,DIM_TABULAR_PERSON_DETAILS,0,0,0.00,0,0.00,0,0.00
stage,DIM_TABULAR_PERSON_HIER,0,0,0.00,0,0.00,0,0.00
stage,FACT_CHAT_DETAIL_201801,0,0,0.00,0,0.00,0,0.00
stage,FACT_CALL_DRIVER_REF,0,0,0.00,0,0.00,0,0.00
stage,FACT_CALL_DRIVER_REF_201801,0,0,0.00,0,0.00,0,0.00
stage,FACT_CALL_DRIVER_SPEECH_QUERY_REF,0,0,0.00,0,0.00,0,0.00
stage,FACT_CALL_DETAIL_201901,0,0,0.00,0,0.00,0,0.00
stage,FACT_CALL_DETAIL_3,0,0,0.00,0,0.00,0,0.00
dbo,FACT_CALL_DETAIL_V2,0,0,0.00,0,0.00,0,0.00
stage,FACT_CALL_DETAIL_V2_201901,0,0,0.00,0,0.00,0,0.00
stage,FACT_CALL_DETAIL_V2_202004,0,0,0.00,0,0.00,0,0.00
stage,FACT_AICR_60_90_201801,0,0,0.00,0,0.00,0,0.00
stage,FACT_AUTOPAY_201801,0,0,0.00,0,0.00,0,0.00
stage,FACT_AUTOPAY_T1,0,0,0.00,0,0.00,0,0.00
dbo,FACT_BIW_ENGAGEMENT,0,0,0.00,0,0.00,0,0.00
stage,FACT_BIW_ENGAGEMENT,0,0,0.00,0,0.00,0,0.00
stage,FACT_BIW_XCHANGE,0,0,0.00,0,0.00,0,0.00
stage,FACT_BIW_XCHANGE_202307_OLD,0,0,0.00,0,0.00,0,0.00
stage,FACT_COE_RATES,0,0,0.00,0,0.00,0,0.00
stage,FACT_COLLECTION,0,0,0.00,0,0.00,0,0.00
stage,FACT_COLLECTION_201801,0,0,0.00,0,0.00,0,0.00
stage,FACT_COLLECTION_T1,0,0,0.00,0,0.00,0,0.00
stage,FACT_CRM_TICKETS_LOG,0,0,0.00,0,0.00,0,0.00
stage,FACT_CUST_DEMO_FIBER_FOOTPRINT,0,0,0.00,0,0.00,0,0.00
stage,FACT_DEVICE_ACTIVATION_DAYS_201801,0,0,0.00,0,0.00,0,0.00
stage,FACT_DEVICE_SWAP_BOM_ORDER,0,0,0.00,0,0.00,0,0.00
stage,FACT_DIGITAL_DETAILS,0,0,0.00,0,0.00,0,0.00
stage,FACT_DISCONNECT_REASONS,0,0,0.00,0,0.00,0,0.00
stage,FACT_ECM_INTERACTION,0,0,0.00,0,0.00,0,0.00
stage,FACT_EBB_ACP_201901,0,0,0.00,0,0.00,0,0.00
stage,FACT_ECM_CASE,0,0,0.00,0,0.00,0,0.00
stage,FACT_SPRINKLR_AGENT_PERFORMANCEINTERVAL,0,0,0.00,0,0.00,0,0.00
stage,FACT_SWS_ESTIMATE_BASE,0,0,0.00,0,0.00,0,0.00
stage,FACT_SWS_ESTIMATE_BASE_201801,0,0,0.00,0,0.00,0,0.00
stage,FACT_SOCIAL_EMAIL_DETAIL_201901,0,0,0.00,0,0.00,0,0.00
stage,FACT_SOCIAL_EMAIL_BASE_DETAIL_201901,0,0,0.00,0,0.00,0,0.00
stage,FACT_SALES_TRACK,0,0,0.00,0,0.00,0,0.00
stage,FACT_SALESCOMP,0,0,0.00,0,0.00,0,0.00
stage,FACT_TNPS_RESTATE_202201,0,0,0.00,8,0.01,-8,-0.01
stage,FACT_TNPS_RESTATE_202301,0,0,0.00,8,0.01,-8,-0.01
stage,FACT_TNPS_RESTATE_202302,0,0,0.00,8,0.01,-8,-0.01
stage,FACT_TNPS_RESTATE_202304,0,0,0.00,8,0.01,-8,-0.01
stage,FACT_TNPS_RESTATE_202305,0,0,0.00,8,0.01,-8,-0.01
stage,FACT_TNPS_RESTATE_202306,0,0,0.00,8,0.01,-8,-0.01
stage,FACT_TNPS_RESTATE_202307,0,0,0.00,8,0.01,-8,-0.01
stage,FACT_TNPS_RESTATE,0,0,0.00,0,0.00,0,0.00
stage,FACT_TECH_FLEX_201801,0,0,0.00,0,0.00,0,0.00
stage,FACT_TECH_FLEX_202108,0,0,0.00,0,0.00,0,0.00
stage,FACT_TICKET_AUDIT_TRAIL,0,0,0.00,0,0.00,0,0.00
stage,FACT_S4X_201801,0,0,0.00,0,0.00,0,0.00
stage,FACT_PRE_XAP_EXIT_202007,0,0,0.00,0,0.00,0,0.00
stage,FACT_PRODCAT_EBB_REF,0,0,0.00,0,0.00,0,0.00
stage,FACT_PITCHES_MOVES,0,0,0.00,0,0.00,0,0.00
stage,FACT_PITCHES_MOVES_201801,0,0,0.00,0,0.00,0,0.00
stage,FACT_PHONE_LOG_ACTIVITY_AGENT,0,0,0.00,0,0.00,0,0.00
stage,FACT_OUTOUND_CALLS_RPT_201901,0,0,0.00,0,0.00,0,0.00
stage,FACT_ORDERS_PEND_CANCEL_201801,0,0,0.00,0,0.00,0,0.00
dbo,FACT_ORDERS_RESTATE,0,0,0.00,0,0.00,0,0.00
stage,FACT_ORDERS_XAP,0,0,0.00,0,0.00,0,0.00
stage,FACT_ORDERS_XAP_202009,0,0,0.00,0,0.00,0,0.00
stage,FACT_NUANCE_LAT_T1,0,0,0.00,0,0.00,0,0.00
stage,FACT_NUANCE_CHAT_ABANDONED_201801,0,0,0.00,0,0.00,0,0.00
stage,FACT_ORDERS_201801,0,0,0.00,0,0.00,0,0.00
stage,FACT_ORDERS_201901,0,0,0.00,0,0.00,0,0.00
stage,FACT_EINSTEIN_CHATS_T1,0,0,0.00,0,0.00,0,0.00
stage,FACT_EINSTEIN_CHATS,0,0,0.00,0,0.00,0,0.00
stage,FACT_EDIP_TRANSACTION_HISTORY,0,0,0.00,0,0.00,0,0.00
stage,FACT_EINSTEIN_ACTION_201801,0,0,0.00,0,0.00,0,0.00
stage,FACT_EINSTEIN_ACTION_T1,0,0,0.00,0,0.00,0,0.00
stage,FACT_ESL_TICKET_EVALUATION,0,0,0.00,0,0.00,0,0.00
dbo,FACT_ESSBASE_BUDGET,0,0,0.00,0,0.00,0,0.00
stage,FACT_EINSTEIN_ITG_201901,0,0,0.00,0,0.00,0,0.00
stage,FACT_EINSTEIN_ITG_T1,0,0,0.00,0,0.00,0,0.00
stage,FACT_EWFM_AGENT_SEGMENT_RPT,0,0,0.00,0,0.00,0,0.00
stage,FACT_I3_INTERACTION_QUERY_PIVOT,0,0,0.00,0,0.00,0,0.00
stage,FACT_IACT_LTR_IND,0,0,0.00,0,0.00,0,0.00
stage,FACT_IACT_RESTATE_HEAP,0,0,0.00,0,0.00,0,0.00
dbo,FACT_IACT_RESTATE_OLD,0,0,0.00,0,0.00,0,0.00
stage,FACT_INTRAHOUR_AGENT_OLD,0,0,0.00,0,0.00,0,0.00
stage,FACT_LAT_FORECASTINTERVALS,0,0,0.00,0,0.00,0,0.00
stage,FACT_INTRAHOUR_AGENT,0,0,0.00,0,0.00,0,0.00
stage,FACT_NUANCE_AGENT_DAY_202007,0,0,0.00,0,0.00,0,0.00
stage,FACT_NRDP_ADJUST,0,0,0.00,0,0.00,0,0.00
stage,FACT_NCOE_TICKETS_ESL,0,0,0.00,0,0.00,0,0.00
stage,FACT_NRD_SPRINKLR_MESSAGES,0,0,0.00,0,0.00,0,0.00
stage,FACT_NCOE_COACH_SESSIONS,0,0,0.00,0,0.00,0,0.00
stage,FACT_NCOE_TICKETS_CR,0,0,0.00,0,0.00,0,0.00
stage,FACT_NBX_COUNT_201903,0,0,0.00,0,0.00,0,0.00
dbo,FACT_NBX_REC_M2M_REF,0,0,0.00,0,0.00,0,0.00
dbo,FACT_NBX_REF,0,0,0.00,0,0.00,0,0.00
stage,FACT_LAT_REF,0,0,0.00,0,0.00,0,0.00
dbo,FACT_LTR_07_30_60_90,0,0,0.00,0,0.00,0,0.00
stage,FACT_LTR_30_UNMATURED,0,0,0.00,0,0.00,0,0.00
stage,FACT_LTR_30_UNMATURED_202009,0,0,0.00,0,0.00,0,0.00
stage,FACT_LTR_30_201801,0,0,0.00,0,0.00,0,0.00
stage,FACT_LTR_30_T1,0,0,0.00,0,0.00,0,0.00
stage,FACT_NAT_ADHERENCE,0,0,0.00,0,0.00,0,0.00
stage,FACT_MDM_XM_ORDER_TIMELINE_DETAILS,0,0,0.00,0,0.00,0,0.00
stage,FACT_LTR_60_201801,0,0,0.00,0,0.00,0,0.00
stage,FACT_LTR_60_T1,0,0,0.00,0,0.00,0,0.00
stage,FACT_LTR_90_201801,0,0,0.00,0,0.00,0,0.00
stage,FACT_LTR_90_T1,0,0,0.00,0,0.00,0,0.00
SSAS,factCubeElementQuery,0,0,0.00,0,0.00,0,0.00
stage,FACT_XMC_DETAIL,0,0,0.00,0,0.00,0,0.00
stage,FACT_XMLINES_PENDING_201801,0,0,0.00,0,0.00,0,0.00
stage,IDM_BP_AGENTS_TEST,0,0,0.00,0,0.00,0,0.00
stage,IDM_BP_AGENTS_CENTRAL_EMP,0,0,0.00,0,0.00,0,0.00
stage,IDM_BP_AGENTS_NATIONAL,0,0,0.00,0,0.00,0,0.00
stage,FACT_XSR_GSR_COMPONENTS_202201,0,0,0.00,0,0.00,0,0.00
dbo,factCubeElementQueries,0,0,0.00,0,0.00,0,0.00
stage,FACT_TRANSFER_OUT_REF_201903,0,0,0.00,0,0.00,0,0.00
stage,FACT_TRANSFER_OUT_REF_201904,0,0,0.00,0,0.00,0,0.00
stage,FACT_TRUCK_ROLL,0,0,0.00,0,0.00,0,0.00
stage,FACT_TRUCK_ROLL_201801,0,0,0.00,0,0.00,0,0.00
stage,FACT_TRANSFER_METRICS_202010,0,0,0.00,0,0.00,0,0.00
stage,FACT_TRANSFER_METRICS_T1,0,0,0.00,0,0.00,0,0.00
stage,FACT_WORKLIST_FALLOUT,0,0,0.00,0,0.00,0,0.00
zArchive,FACT_VIDEO_PROFILE_REF,0,0,0.00,0,0.00,0,0.00
stage,FACT_UNIT_OF_WORK,0,0,0.00,0,0.00,0,0.00
stage,FACT_UNIT_OF_WORK_X2,0,0,0.00,0,0.00,0,0.00
stage,FACT_XM_CONTRIBUTION,0,0,0.00,0,0.00,0,0.00
stage,FACT_XM_CONTRIBUTION_202007,0,0,0.00,0,0.00,0,0.00
stage,FACT_XM_LINE_DETAIL,0,0,0.00,0,0.00,0,0.00
stage,FACT_X2_COE_RATES,0,0,0.00,0,0.00,0,0.00
dbo,FACT_XAP_EXIT,0,0,0.00,0,0.00,0,0.00
stage,FACT_WORKLIST_TASK,0,0,0.00,0,0.00,0,0.00
stage,FACT_XM_ACTIVATION,0,0,0.00,0,0.00,0,0.00
stage,FACT_XI_INTERACTIONS_ORDERS_202009,0,0,0.00,0,0.00,0,0.00
ext_BIW,NDW_BASE_VIEWS__FISCAL_CALENDAR,0,0,0.00,0,0.00,0,0.00
stage,LKP_DIM_VALUES_ORDERS_202009,0,0,0.00,0,0.00,0,0.00
dbo,LKP_PRE_XAP_EXIT,0,0,0.00,0,0.00,0,0.00
stage,LKP_PRE_XAP_EXIT_202007,0,0,0.00,0,0.00,0,0.00
stage,LKP_DIM_VALUES_INTERACTIONS_AGG_202009,0,0,0.00,0,0.00,0,0.00
dbo,ivrTransferDump,0,0,0.00,0,0.00,0,0.00
stage,IDM_CONTRACTOR_AGENTS,0,0,0.00,0,0.00,0,0.00
dbo,NRDP_MYPERFORMANCE_TOPIC_POLL_CHOICES,0,0,0.00,0,0.00,0,0.00
dbo,NRDP_MYPERFORMANCE_TOPIC_TEMPLATE_SHARES,0,0,0.00,0,0.00,0,0.00
dbo,NRDP_MYPERFORMANCE_TOPIC_FOLLOWUPS,0,0,0.00,0,0.00,0,0.00
ext_BIW,NRD_XChange_Persons_Tabular,0,0,0.00,0,0.00,0,0.00
