record_id,customer_id,transaction_date,product_name,product_category,promo_name,order_base_amount,order_discount_amount,order_final_amount,billing_base_amount,billing_discount_amount,billing_final_amount,reconciliation_status,risk_level,service_city,service_state,service_region,customer_lat,customer_lon,discount_variance,base_variance,final_variance,discount_rate,ml_anomaly_score,ml_is_anomaly,anomaly_score,is_anomaly
ORD-000001,CUST-221958,2024-01-01 00:00:00.000000000,Xfinity Mobile Unlimited,Internet,New Customer Internet Promo,56.90972671587054,19.941045072239728,36.968681643630816,59.493923062242274,21.660388422062415,37.83353464017986,ORDER_ONLY,LOW,Chicago,GA,Southeast,32.576431311138315,-106.38490726398503,-1.7193433498226867,-2.5841963463717335,-0.8648529965490468,0.35033627571299814,0.09576040812784373,False,0.3054435288420521,False
ORD-000002,CUST-771155,2024-01-04 16:29:05.454545454,Xfinity Home Security,Security,Triple Play Bundle,59.69730184477115,21.676036879037103,38.02126496573405,57.518357953296935,22.448644830808327,35.06971312248861,MATCHED,LOW,Philadelphia,IL,Northeast,34.14000438563357,-75.1284795090558,-0.7726079517712243,2.178943891474212,2.95155184324544,0.36303829195616844,-0.667763795591189,True,0.03924039806699111,False
ORD-000003,CUST-231932,2024-01-08 08:58:10.909090909,Xfinity Internet Gigabit,TV,Mobile Line Free,83.12978796620946,37.202132149955766,45.9276558162537,82.99474314294373,33.88765499670629,49.107088146237444,PROMO_TIMING_MISMATCH,HIGH,Boston,MA,Northeast,37.07915744145025,-93.67107666703531,3.3144771532494772,0.13504482326572997,-3.1794323299837473,0.4474648427666888,-0.18493270037057608,False,-0.27391027344208824,False
ORD-000004,CUST-465838,2024-01-12 01:27:16.363636363,Xfinity Home Security,TV,,78.29513858821215,12.54302636733306,65.7521122208791,76.4936553151726,14.601784037995229,61.89187127717737,DISCOUNT_MISMATCH,LOW,Philadelphia,GA,Northeast,35.045766949250606,-79.96251142569395,-2.0587576706621693,1.8014832730395511,3.8602409437017258,0.1601813954163827,-0.3646082023622285,False,-0.10723146344575041,False
ORD-000005,CUST-359178,2024-01-15 17:56:21.818181818,Xfinity Internet Gigabit,TV,New Customer Internet Promo,149.2794701394067,9.216683716568502,140.0627864228382,149.8742410318364,7.539618444191908,142.33462258764447,MATCHED,HIGH,Chicago,MA,Northeast,35.79721274225673,-71.05342821920195,1.677065272376594,-0.5947708924296933,-2.271836164806274,0.061736997980915545,-0.21728157089956754,False,-0.16657373583806598,False
ORD-000006,CUST-744167,2024-01-19 10:25:27.272727272,Xfinity Mobile Unlimited,Mobile,,42.8702828480549,4.043648330859884,38.82663451719502,41.4213267827044,3.4119780537607247,38.00934872894367,MATCHED,LOW,Philadelphia,PA,Southeast,34.727149639912156,-78.01055702717147,0.6316702770991589,1.448956065350501,0.8172857882513469,0.09430087821921418,-0.3011294701138778,False,-0.46435568669478094,True
ORD-000007,CUST-210268,2024-01-23 02:54:32.727272727,Xfinity TV Ultimate,Security,Mobile Line Free,22.349797270017714,21.415723747005387,0.9340735230123265,23.11310913698046,20.487396157929574,2.625712979050885,MATCHED,LOW,Boston,IL,Southeast,33.179103541709864,-76.65031199942382,0.9283275890758134,-0.763311866962745,-1.6916394560385584,0.9577780821707969,-0.11392611122241994,False,0.09508447248791087,False
ORD-000008,CUST-832180,2024-01-26 19:23:38.181818182,Xfinity Internet Gigabit,Mobile,Mobile Line Free,84.2061829738465,34.42499503826832,49.781187935578174,87.12315124814234,29.253500947622065,57.86965030052027,MATCHED,LOW,Philadelphia,PA,Midwest,40.437639611964904,-99.60077523175777,5.171494090646256,-2.91696827429584,-8.088462364942096,0.40876935789121516,-0.19897442054004208,False,0.3702059005878227,False
ORD-000009,CUST-154886,2024-01-30 11:52:43.636363636,Xfinity Home Security,Mobile,Mobile Line Free,43.246952198772746,2.9096797754221804,40.33727242335057,45.21571050432253,3.4408891851717263,41.7748213191508,DISCOUNT_MISMATCH,MEDIUM,Chicago,PA,Southeast,25.24406144636089,-92.41387023703301,-0.5312094097495459,-1.968758305549784,-1.4375488958002336,0.06726502047697969,-0.2053422081462517,False,-0.18949104836543404,False
ORD-000010,CUST-237337,2024-02-03 04:21:49.090909091,Xfinity Mobile Unlimited,Internet,Triple Play Bundle,67.64094199577178,45.76068638132402,21.880255614447762,65.30511182696767,51.215164747558696,14.08994707940898,MATCHED,LOW,Boston,PA,Southeast,36.96885402410454,-107.30557179783479,-5.4544783662346745,2.335830168804108,7.790308535038783,0.6764234914006679,0.232216528501614,False,0.5490969497674211,False
ORD-000011,CUST-621430,2024-02-06 20:50:54.545454545,Xfinity Internet Gigabit,Mobile,Triple Play Bundle,116.74216799735309,22.117611486555223,94.62455651079787,118.18197893508236,19.9853202571989,98.19665867788345,MATCHED,HIGH,Atlanta,PA,Midwest,36.310166946459475,-110.19434501532736,2.1322912293563228,-1.4398109377292627,-3.572102167085575,0.18944069190266902,0.06715359820077463,False,-0.5672748357585201,True
ORD-000012,CUST-187498,2024-02-10 13:20:00.000000000,Xfinity Home Security,Internet,,113.7221901527768,11.989367957870162,101.73282219490665,113.42921118489443,12.414051652024453,101.01515953286997,PROMO_TIMING_MISMATCH,LOW,Chicago,IL,Southeast,39.323581494659045,-94.7246060446983,-0.4246836941542913,0.29297896788237665,0.7176626620366733,0.1054175422258624,-0.3111683950901301,False,0.21630906451616105,False
ORD-000013,CUST-999159,2024-02-14 05:49:05.454545455,Xfinity Home Security,Internet,,60.0479029408106,4.6936645040645875,55.354238436746016,59.11345988538869,5.599223551208015,53.51423633418068,DISCOUNT_MISMATCH,MEDIUM,Boston,PA,Northeast,36.98058729554653,-90.24755101497897,-0.9055590471434272,0.9344430554219088,1.840002102565336,0.07815232091420801,-0.2666640198440263,False,0.401456070621623,False
ORD-000014,CUST-275203,2024-02-17 22:18:10.909090909,Xfinity Home Security,Mobile,New Customer Internet Promo,90.53022997213691,9.143299855365367,81.38693011677154,89.18621963672236,10.548438439837884,78.63778119688448,MATCHED,LOW,Boston,IL,Northeast,41.535976556181566,-103.03643770519045,-1.4051385844725175,1.344010335414552,2.7491489198870624,0.10098604629322401,0.04753791661988377,False,-0.16120917429431816,False
ORD-000015,CUST-291335,2024-02-21 14:47:16.363636364,Xfinity Internet Gigabit,Security,New Customer Internet Promo,86.1458299890388,46.73069986698549,39.41513012205331,85.39458279270096,48.61485264608499,36.77973014661597,PROMO_TIMING_MISMATCH,MEDIUM,Atlanta,IL,Midwest,44.181495891280555,-91.52782411182498,-1.8841527790995016,0.7512471963378431,2.6353999754373447,0.542397419570223,0.04712587151082993,False,-0.15581695154286426,False
ORD-000016,CUST-378167,2024-02-25 07:16:21.818181818,Xfinity Internet Gigabit,Security,,102.7232403641664,31.91352969216752,70.80971067199889,104.82830201391212,37.06723241772258,67.76106959618954,PROMO_TIMING_MISMATCH,LOW,Philadelphia,MA,Midwest,31.850485143570868,-75.62697587432486,-5.1537027255550605,-2.1050616497457213,3.0486410758093427,0.3106446324387431,-0.2811340717186207,False,0.21282955275332027,False
ORD-000017,CUST-141090,2024-02-28 23:45:27.272727273,Xfinity Internet Gigabit,Security,Triple Play Bundle,52.560036418725936,25.83481287132833,26.725223547397604,53.07662829892866,30.89001311313063,22.18661518579803,DUPLICATE_LINE_NUMBER,LOW,Philadelphia,GA,Midwest,29.54701966059974,-92.1639207608317,-5.0552002418023,-0.516591880202725,4.538608361599575,0.4914360847223178,-0.1701972000706494,False,0.05179733298786036,False
ORD-000018,CUST-429365,2024-03-03 16:14:32.727272728,Xfinity TV Ultimate,Security,Mobile Line Free,96.68321018287071,32.85556642500834,63.82764375786237,96.29339810527362,36.05376435992625,60.239633745347376,MATCHED,LOW,Chicago,GA,Northeast,33.47193724840966,-83.95934518447467,-3.198197934917907,0.38981207759708525,3.5880100125149923,0.33979186711114834,0.4540418120260904,False,-0.699223403037852,True
ORD-000019,CUST-164820,2024-03-07 08:43:38.181818182,Xfinity Internet Gigabit,Security,,147.25607157575118,21.783644933894553,125.47242664185663,141.0114335682016,17.993172294997258,123.01826127320433,DISCOUNT_MISMATCH,LOW,Atlanta,IL,Southeast,30.75859232951452,-79.73425163210474,3.7904726388972954,6.244638007549582,2.4541653686522977,0.1479203234038155,-0.2759644265564029,False,-0.3530119463618142,False
ORD-000020,CUST-887201,2024-03-11 01:12:43.636363637,Xfinity Internet Gigabit,Mobile,New Customer Internet Promo,83.27647988472917,36.501965828090924,46.774514056638246,79.76025830168474,35.064959889368666,44.69529841231608,MATCHED,LOW,Philadelphia,MA,Northeast,37.29900526305309,-70.56356090222786,1.4370059387222582,3.516221583044427,2.0792156443221685,0.43827000347007905,0.47324137653763554,False,-0.10406486441423793,False
ORD-000021,CUST-421879,2024-03-14 17:41:49.090909091,Xfinity Internet Gigabit,Mobile,Triple Play Bundle,137.792842403412,2.3858063845824393,135.40703601882956,130.9354354116232,2.7082011030284487,128.22723430859475,DISCOUNT_MISMATCH,LOW,Atlanta,IL,Midwest,43.2370481768593,-89.84012989115102,-0.3223947184460094,6.857406991788821,7.179801710234813,0.017313187035707812,0.2311000827577415,False,-0.5109094539055201,True
ORD-000022,CUST-818315,2024-03-18 10:10:54.545454546,Xfinity TV Ultimate,TV,,76.47126751635572,28.301860524703816,48.16940699165191,80.04782401963773,25.251703308149764,54.796120711487966,PROMO_TIMING_MISMATCH,MEDIUM,Philadelphia,IL,Southeast,27.782323882861238,-79.6574925518707,3.0501572165540516,-3.5765565032820064,-6.626713719836054,0.3700495748014556,0.4176248825166397,False,-0.2422522949289711,False
ORD-000023,CUST-427069,2024-03-22 02:40:00.000000000,Xfinity Internet Gigabit,Security,,65.51019300030784,7.932322382124552,57.57787061818328,62.26910121706728,8.98142759973867,53.28767361732861,DISCOUNT_MISMATCH,LOW,Boston,IL,Southeast,27.01589206031773,-71.86753407225626,-1.0491052176141178,3.241091783240556,4.2901970008546755,0.12106683480140668,-0.28872159162082867,False,-0.5034056275731803,True
ORD-000024,CUST-876997,2024-03-25 19:09:05.454545455,Xfinity Home Security,Mobile,Triple Play Bundle,103.86343706397344,6.008232390282108,97.85520467369133,99.74103229085354,5.095795211371732,94.6452370794818,ORDER_ONLY,MEDIUM,Philadelphia,MA,Northeast,30.120310637073246,-72.77951372113633,0.912437178910376,4.1224047731198965,3.2099675942095303,0.057841856013503876,-0.1505667622188283,False,-0.2110511891660171,False
ORD-000025,CUST-299041,2024-03-29 11:38:10.909090910,Xfinity Internet Gigabit,TV,,106.96012775620295,17.093983335820077,89.86614442038288,104.97705015919242,13.996179929767596,90.98087022942482,ORDER_ONLY,HIGH,Atlanta,GA,Midwest,39.52191172124802,-112.94590756111432,3.0978034060524813,1.983077597010535,-1.1147258090419427,0.159801466955141,-0.23474914263266886,False,-0.2009868181963483,False
ORD-000026,CUST-891743,2024-04-02 04:07:16.363636364,Xfinity Home Security,Security,Triple Play Bundle,132.3417834593474,4.589953290672094,127.7518301686753,136.41037024082604,4.377145818989883,132.03322442183617,ORDER_ONLY,LOW,Boston,MA,Northeast,36.85925810517643,-99.6803845863239,0.21280747168221126,-4.068586781478643,-4.281394253160869,0.03467995043740325,0.23802595757786082,False,0.005526402978114094,False
ORD-000027,CUST-203355,2024-04-05 20:36:21.818181819,Xfinity Home Security,Internet,Mobile Line Free,49.92408487140219,4.707849413428006,45.21623545797418,52.23107077134816,3.8354509027695878,48.39561986857857,MATCHED,MEDIUM,Boston,PA,Southeast,27.04425328450399,-103.80049694466003,0.8723985106584182,-2.306985899945971,-3.179384410604392,0.0942812795218411,-0.27030513180162685,False,-0.1275277971998502,False
ORD-000028,CUST-335796,2024-04-09 13:05:27.272727273,Xfinity Home Security,TV,Triple Play Bundle,84.8951393850178,15.570665469564709,69.3244739154531,87.35721353473578,18.418666387202002,68.93854714753377,MATCHED,MEDIUM,Boston,MA,Northeast,43.37501044521493,-115.65374925248253,-2.848000917637293,-2.462074149717978,0.38592676791932945,0.18338896305153793,0.11936464800286208,False,0.05083691631222683,False
ORD-000029,CUST-314176,2024-04-13 05:34:32.727272728,Xfinity TV Ultimate,Mobile,Triple Play Bundle,94.3605458971938,48.97552643107543,45.38501946611837,96.15868265318048,55.36596470160532,40.792717951575156,MATCHED,LOW,Atlanta,MA,Northeast,40.801692742481734,-88.33796125445197,-6.390438270529891,-1.7981367559866754,4.592301514543216,0.5189704686505555,0.10348982335761227,False,0.01506320224217645,False
ORD-000030,CUST-284779,2024-04-16 22:03:38.181818182,Xfinity TV Ultimate,Internet,Triple Play Bundle,119.91202185982017,8.766513494466926,111.14550836535325,120.16744246947263,9.821194102847183,110.34624836662545,ORDER_ONLY,LOW,Chicago,MA,Midwest,25.46045209575275,-83.20476934019989,-1.0546806083802576,-0.25542060965246094,0.7992599987278055,0.07310178196223477,-0.114408859214253,False,0.20940199827929312,False
ORD-000031,CUST-447449,2024-04-20 14:32:43.636363636,Xfinity TV Ultimate,Internet,,25.668490328076388,0.8580550915875118,24.810435236488875,24.607625000880393,0.9025977346285123,23.705027266251882,MATCHED,LOW,Chicago,MA,Midwest,38.02734421976492,-77.59359522665582,-0.04454264304100053,1.0608653271959945,1.1054079702369926,0.03341532467932237,0.28959792024930064,False,0.1621349122880347,False
ORD-000032,CUST-521909,2024-04-24 07:01:49.090909092,Xfinity Internet Gigabit,Internet,,149.29156640365434,38.16822115019555,111.1233452534588,156.13166994045048,33.83725818070011,122.29441175975037,MATCHED,LOW,Chicago,GA,Southeast,40.42493337039476,-113.86115551686457,4.330962969495438,-6.840103536796136,-11.17106650629158,0.25564514873878336,-0.06769603908201847,False,0.13043715054041494,False
ORD-000033,CUST-358795,2024-04-27 23:30:54.545454546,Xfinity Home Security,TV,Triple Play Bundle,81.09278681882259,40.34564885253897,40.74713796628362,83.18816291279241,40.6403393892767,42.54782352351571,MATCHED,LOW,Atlanta,PA,Northeast,32.48870739440844,-76.17779620623531,-0.2946905367377255,-2.0953760939698185,-1.800685557232093,0.49746316292025894,0.1502257155824909,False,0.8314602285400164,False
ORD-000034,CUST-586232,2024-05-01 16:00:00.000000000,Xfinity TV Ultimate,Mobile,,56.34284443357862,17.31521605447004,39.02762837910858,57.125724793781586,17.988944686721847,39.136780107059735,MATCHED,LOW,Boston,GA,Northeast,26.378430787344374,-87.85372181928734,-0.6737286322518088,-0.7828803602029666,-0.1091517279511578,0.3072642779350554,-0.24841101067533475,False,0.004220790992698627,False
ORD-000035,CUST-600186,2024-05-05 08:29:05.454545456,Xfinity TV Ultimate,Internet,New Customer Internet Promo,134.85422289461366,23.23369064698057,111.6205322476331,138.34743065981274,23.46632030594741,114.88111035386534,ORDER_ONLY,HIGH,Chicago,GA,Northeast,26.546421309775745,-84.80269324307453,-0.23262965896683951,-3.493207765199088,-3.260578106232245,0.1722746785493731,-0.31703104423204753,False,0.6780714511576584,False
ORD-000036,CUST-256730,2024-05-09 00:58:10.909090910,Xfinity Internet Gigabit,Security,New Customer Internet Promo,117.2034406066638,32.48868413213817,84.71475647452564,119.83000873088581,29.3728031825184,90.45720554836741,ORDER_ONLY,MEDIUM,Atlanta,MA,Southeast,27.084939321036188,-74.4687998229848,3.1158809496197684,-2.626568124222004,-5.742449073841769,0.2771754157542503,0.11934365877728238,False,0.02366552067318003,False
ORD-000037,CUST-970910,2024-05-12 17:27:16.363636364,Xfinity TV Ultimate,Internet,,143.8993401131139,2.4029462098516863,141.49639390326223,145.87409349055264,2.4176021866277564,143.45649130392488,MATCHED,LOW,Chicago,IL,Southeast,41.808792639608455,-88.76193644783744,-0.014655976776070112,-1.9747533774387307,-1.9600974006626473,0.016697638999407204,0.029252073300124495,False,-0.12485527444176758,False
ORD-000038,CUST-484681,2024-05-16 09:56:21.818181818,Xfinity Internet Gigabit,Internet,,62.99753960716678,47.4572865795693,15.54025302759748,66.0250552075292,47.28997764068441,18.735077566844794,PROMO_TIMING_MISMATCH,LOW,Philadelphia,IL,Midwest,43.21372396511426,-103.20670714250825,0.16730893888488652,-3.0275156003624275,-3.194824539247314,0.7532001229607017,-0.027007700761490287,False,-0.21194955466395912,False
ORD-000039,CUST-249503,2024-05-20 02:25:27.272727274,Xfinity Mobile Unlimited,TV,Triple Play Bundle,91.85944568861369,44.334019364902375,47.525426323711315,95.56472331257281,53.13584332334604,42.42887998922677,MATCHED,LOW,Chicago,GA,Midwest,27.456215636914678,-78.744633428867,-8.801823958443663,-3.7052776239591196,5.096546334484543,0.4825763237450026,-0.20310650438133507,False,0.35291773953452876,False
ORD-000040,CUST-754811,2024-05-23 18:54:32.727272728,Xfinity TV Ultimate,TV,Mobile Line Free,94.39802099220898,13.044681167085697,81.35333982512329,95.78250880357325,15.118452301300655,80.6640565022726,MATCHED,LOW,Chicago,GA,Midwest,29.718120691901625,-101.84703939024547,-2.073771134214958,-1.3844878113642665,0.6892833228506845,0.13817344151470146,0.3647628429578912,False,0.3921510178663814,False
ORD-000041,CUST-627035,2024-05-27 11:23:38.181818182,Xfinity Mobile Unlimited,Mobile,,147.44310588308593,0.7652270145192375,146.6778788685667,150.291341198769,0.7540181982324817,149.53732300053653,DISCOUNT_MISMATCH,LOW,Boston,MA,Northeast,28.310410207345797,-118.28859445897355,0.01120881628675574,-2.8482353156830698,-2.8594441319698376,0.005189629678780576,-0.43497574127615407,False,0.0799351567894187,False
ORD-000042,CUST-748143,2024-05-31 03:52:43.636363638,Xfinity Internet Gigabit,Security,New Customer Internet Promo,29.795013280796667,46.67181540397415,-16.876802123177484,28.458992391219798,48.96689974101237,-20.50790734979257,MATCHED,MEDIUM,Atlanta,GA,Northeast,28.726417589882413,-78.46727467173751,-2.295084337038219,1.3360208895768686,3.6311052266150874,1.5659048685626569,-0.4514029029192915,False,0.2400640323508117,False
ORD-000043,CUST-552366,2024-06-03 20:21:49.090909092,Xfinity Home Security,TV,Triple Play Bundle,59.74061250733364,25.051994195762962,34.68861831157068,60.755709848124894,27.535865390568148,33.219844457556746,MATCHED,LOW,Boston,MA,Midwest,41.74981578004984,-102.74039275593623,-2.483871194805186,-1.0150973407912574,1.4687738540139321,0.4192759395175764,0.18264995154914868,False,-0.48316613977692496,True
ORD-000044,CUST-165725,2024-06-07 12:50:54.545454546,Xfinity TV Ultimate,Internet,,44.81843404954498,26.968872420003127,17.849561629541856,42.775454922795674,21.951207559302098,20.824247363493576,DISCOUNT_MISMATCH,MEDIUM,Boston,IL,Northeast,31.64292825309878,-81.30827383993298,5.017664860701029,2.0429791267493087,-2.97468573395172,0.6016019294851292,0.15802891524292087,False,-0.5646339467536635,True
ORD-000045,CUST-229981,2024-06-11 05:20:00.000000000,Xfinity Internet Gigabit,Mobile,New Customer Internet Promo,54.90173139572039,34.19818846990705,20.703542925813338,55.386314703434415,39.60042762107384,15.785887082360574,MATCHED,HIGH,Boston,IL,Midwest,31.228885280912824,-101.86210526670273,-5.402239151166789,-0.4845833077140256,4.9176558434527635,0.6227847419972689,0.0061288336975603664,False,0.2738980657392361,False
ORD-000046,CUST-184654,2024-06-14 21:49:05.454545456,Xfinity Home Security,Internet,New Customer Internet Promo,83.08638365592104,30.792558219495692,52.29382543642535,87.23533130040641,35.22824860387592,52.007082696530496,MATCHED,LOW,Boston,PA,Southeast,29.547912417542253,-76.94659900126392,-4.4356903843802264,-4.148947644485375,0.286742739894855,0.37056435990041503,-0.1863856665708419,False,-0.13804344937090654,False
ORD-000047,CUST-691723,2024-06-18 14:18:10.909090910,Xfinity Home Security,Internet,Mobile Line Free,68.4492927222264,47.19458022803786,21.254712494188546,68.83128482508843,46.39099051733464,22.44029430775379,MATCHED,MEDIUM,Boston,IL,Midwest,37.15788787588517,-109.02447374595206,0.8035897107032142,-0.38199210286202856,-1.1855818135652427,0.6893816507793891,0.05072663875712361,False,0.12479072521925079,False
ORD-000048,CUST-419030,2024-06-22 06:47:16.363636364,Xfinity Mobile Unlimited,TV,Triple Play Bundle,71.30989068523138,47.212579856258365,24.097310828973015,71.11885233012235,45.15731741237623,25.96153491774612,MATCHED,LOW,Chicago,GA,Southeast,32.58611396771098,-71.2726367400565,2.0552624438821354,0.1910383551090291,-1.8642240887731063,0.6619833457769859,0.4162490891358602,False,-0.3151863849868234,False
ORD-000049,CUST-428947,2024-06-25 23:16:21.818181820,Xfinity Internet Gigabit,Mobile,Triple Play Bundle,129.74770829442048,43.35994667775019,86.38776161667029,127.31954294573742,39.42215891778489,87.89738402795254,MATCHED,LOW,Boston,IL,Northeast,39.88499303686578,-81.01206126059846,3.937787759965296,2.428165348683052,-1.5096224112822512,0.33416085447013594,0.6546638623622675,False,0.3970965409114326,False
ORD-000050,CUST-655839,2024-06-29 15:45:27.272727274,Xfinity Home Security,Security,Mobile Line Free,140.90218852540815,31.820179872300564,109.08200865310758,135.5552686109116,31.523320865212476,104.03194774569914,MATCHED,LOW,Boston,MA,Midwest,29.11159616751275,-114.28810370398016,0.2968590070880879,5.346919914496539,5.050060907408437,0.22581566722713278,-0.5969241116425469,True,-0.5621256015667109,True
ORD-000051,CUST-373538,2024-07-03 08:14:32.727272728,Xfinity TV Ultimate,Security,Mobile Line Free,29.154097010440708,40.047464734119984,-10.893367723679276,29.827625663381,32.74884093444207,-2.9212152710610724,DISCOUNT_MISMATCH,MEDIUM,Atlanta,IL,Northeast,40.755797774289846,-91.71116900167198,7.298623799677912,-0.6735286529402913,-7.972152452618204,1.3731769140591956,-0.2256760357745639,False,-0.5156755259448066,True
ORD-000052,CUST-431236,2024-07-07 00:43:38.181818182,Xfinity TV Ultimate,TV,Triple Play Bundle,47.15943328999683,33.85841711914909,13.301016170847738,45.709747725754454,38.62830334264106,7.081444383113393,DISCOUNT_MISMATCH,MEDIUM,Philadelphia,PA,Southeast,37.07443063460278,-70.73163438791326,-4.769886223491973,1.4496855642423725,6.2195717877343455,0.7178041955897191,-0.2445319788954518,False,0.33329347511370344,False
ORD-000053,CUST-628178,2024-07-10 17:12:43.636363638,Xfinity Mobile Unlimited,TV,Triple Play Bundle,107.24865718712658,28.668352083596666,78.58030510352992,103.12260852542916,23.340882038660425,79.78172648676873,ORDER_ONLY,MEDIUM,Chicago,IL,Southeast,27.285346001113755,-96.44672736530929,5.327470044936241,4.126048661697425,-1.2014213832388094,0.26728240717745533,0.38795584150990453,False,-0.8829525378948702,True
ORD-000054,CUST-665894,2024-07-14 09:41:49.090909092,Xfinity Home Security,Mobile,,66.62408156850131,6.4250176616955095,60.199063906805804,66.10283247451962,5.985678462998985,60.11715401152063,DISCOUNT_MISMATCH,HIGH,Chicago,MA,Southeast,33.29009168407255,-110.89464305892083,0.4393391986965245,0.5212490939816945,0.08190989528517179,0.09642239392300243,-0.8443884959695604,True,0.013570660428474813,False
ORD-000055,CUST-589492,2024-07-18 02:10:54.545454546,Xfinity Internet Gigabit,Security,,53.04127437906604,40.56020883680015,12.481065542265888,54.60780512534666,47.562352747994524,7.0454523773521345,DISCOUNT_MISMATCH,MEDIUM,Chicago,MA,Northeast,42.27036281225914,-95.7610816424827,-7.0021439111943735,-1.5665307462806197,5.435613164913754,0.7645473046884083,0.0541505579196638,False,-0.13219779867897302,False
ORD-000056,CUST-356840,2024-07-21 18:40:00.000000000,Xfinity TV Ultimate,Security,Mobile Line Free,58.38777649446204,41.03197378719777,17.355802707264267,59.81865390069801,44.89246957712718,14.92618432357083,MATCHED,HIGH,Boston,GA,Northeast,43.4592046359697,-94.37711720590391,-3.8604957899294092,-1.4308774062359717,2.4296183836934375,0.702629042581594,-0.17704309252571007,False,-0.320785575760009,False
ORD-000057,CUST-573254,2024-07-25 11:09:05.454545456,Xfinity Home Security,Security,,61.931599351018065,31.29698350507864,30.634615845939425,59.17491619362934,28.560262104732146,30.614654088897197,MATCHED,MEDIUM,Boston,IL,Northeast,34.314002446376264,-82.91565278856672,2.736721400346493,2.7566831573887214,0.019961757042228356,0.5052659897869467,0.3914338248642921,False,-0.15998195457711065,False
ORD-000058,CUST-449457,2024-07-29 03:38:10.909090912,Xfinity Home Security,Internet,New Customer Internet Promo,130.32707334020768,41.0213421885634,89.30573115164427,129.74247411520125,36.96267572565071,92.77979838955054,MATCHED,MEDIUM,Boston,MA,Northeast,34.61673956178147,-85.05770734195478,4.05866646291269,0.5845992250064285,-3.4740672379062687,0.3147327244450926,0.35031165200133807,False,-0.354257047926943,False
ORD-000059,CUST-765987,2024-08-01 20:07:16.363636364,Xfinity Mobile Unlimited,Security,,37.76077308746375,32.5742385928894,5.186534494574346,37.84548778109743,26.125609608309443,11.71987817278799,MATCHED,LOW,Atlanta,PA,Southeast,43.369094498786026,-99.87249782015097,6.448628984579958,-0.08471469363368556,-6.533343678213644,0.8624191651428207,0.009652020448007805,False,0.36267678381454976,False
ORD-000060,CUST-370936,2024-08-05 12:36:21.818181820,Xfinity TV Ultimate,Internet,,112.15842959831542,10.33421799383727,101.82421160447815,113.77964213210429,11.143239660564879,102.63640247153941,MATCHED,LOW,Philadelphia,GA,Southeast,36.74136448273134,-109.09884462529567,-0.8090216667276096,-1.6212125337888637,-0.8121908670612612,0.09213125324875254,-0.573916921213539,True,0.44134912650848285,False
ORD-000061,CUST-339931,2024-08-09 05:05:27.272727272,Xfinity TV Ultimate,Mobile,New Customer Internet Promo,91.866596998028,13.698056366056688,78.16854063197131,93.24613334457098,11.225741193444252,82.02039215112673,MATCHED,MEDIUM,Boston,PA,Midwest,25.656933404868767,-87.74729161153353,2.4723151726124364,-1.3795363465429773,-3.8518515191554172,0.1490918995002688,-0.2721668447005399,False,-0.3057212760365034,False
ORD-000062,CUST-339629,2024-08-12 21:34:32.727272728,Xfinity Internet Gigabit,Internet,Mobile Line Free,58.5463186742138,10.729455985418706,47.8168626887951,57.75417087913678,10.869378904188402,46.88479197494838,ORDER_ONLY,LOW,Philadelphia,IL,Midwest,43.25498925758258,-98.91480327233592,-0.13992291876969531,0.792147795077021,0.9320707138467199,0.18323310324738007,-0.23931732298412153,False,-0.017342536759440644,False
ORD-000063,CUST-305041,2024-08-16 14:03:38.181818184,Xfinity TV Ultimate,Mobile,New Customer Internet Promo,74.57151133801594,18.862954161398793,55.70855717661715,75.02399034407513,22.3497483957904,52.67424194828473,PROMO_TIMING_MISMATCH,LOW,Atlanta,IL,Northeast,29.964528855143037,-113.38618944373349,-3.4867942343916063,-0.45247900605919256,3.0343152283324173,0.25291729576126065,-0.49793643833603946,False,-0.49752294128081415,True
ORD-000064,CUST-798361,2024-08-20 06:32:43.636363636,Xfinity Internet Gigabit,Security,,53.306902667279545,1.9481566155116814,51.35874605176787,53.205949435817054,1.643830285972388,51.56211914984467,MATCHED,HIGH,Chicago,IL,Southeast,36.55263908183095,-74.97138493818072,0.3043263295392935,0.10095323146249058,-0.2033730980768027,0.036539193352416184,0.24637528455781096,False,0.22191564770093802,False
ORD-000065,CUST-831912,2024-08-23 23:01:49.090909092,Xfinity TV Ultimate,Security,Mobile Line Free,99.49678241253847,30.912694216894643,68.58408819564383,103.32739218335664,35.79046920918167,67.53692297417496,MATCHED,LOW,Boston,GA,Southeast,28.310266348559477,-85.43890711951728,-4.87777499228703,-3.830609770818171,1.0471652214688731,0.3106591678217047,-0.5360279491823218,True,0.21410275239299428,False
ORD-000066,CUST-517113,2024-08-27 15:30:54.545454548,Xfinity Mobile Unlimited,Mobile,,30.607243452031245,16.827710744436324,13.779532707594921,30.699876680297688,20.13587265557463,10.564004024723058,MATCHED,LOW,Philadelphia,MA,Southeast,25.6775832049319,-85.84080717772594,-3.3081619111383063,-0.09263322826644327,3.215528682871863,0.5496154730846587,0.48959825253611367,False,-0.1885786698123069,False
ORD-000067,CUST-168148,2024-08-31 08:00:00.000000000,Xfinity TV Ultimate,TV,New Customer Internet Promo,20.67403216061828,32.786131769037105,-12.112099608418823,20.552121862172218,27.035667546557235,-6.483545684385017,PROMO_TIMING_MISMATCH,MEDIUM,Philadelphia,GA,Midwest,31.229463422655147,-78.8708062044163,5.75046422247987,0.12191029844606405,-5.628553924033806,1.5850938305665963,0.4888467902136375,False,-0.0949344824740314,False
ORD-000068,CUST-877089,2024-09-04 00:29:05.454545456,Xfinity Internet Gigabit,Mobile,New Customer Internet Promo,101.62627394332269,19.269831048278252,82.35644289504444,100.65559515770212,22.221246693720428,78.43434846398169,PROMO_TIMING_MISMATCH,MEDIUM,Boston,PA,Midwest,40.60991415092175,-93.51691606724594,-2.951415645442175,0.9706787856205636,3.922094431062746,0.18959600052855188,-0.21551807855785188,False,-0.1281296348568013,False
ORD-000069,CUST-748531,2024-09-07 16:58:10.909090912,Xfinity Internet Gigabit,TV,,45.25561395656549,34.08068344863949,11.174930507926,45.58339022863149,34.299877051000735,11.283513177630752,MATCHED,LOW,Chicago,GA,Southeast,30.55174345258836,-79.24727857987715,-0.2191936023612442,-0.32777627206599647,-0.10858266970475228,0.7529044780292062,-0.0014513889610551925,False,-0.5855373501040827,True
ORD-000070,CUST-351995,2024-09-11 09:27:16.363636364,Xfinity Mobile Unlimited,Internet,Triple Play Bundle,29.222319209990594,17.031228473212,12.191090736778595,30.11061044244477,19.80059968655434,10.310010755890431,DISCOUNT_MISMATCH,MEDIUM,Chicago,PA,Southeast,29.40194428162194,-95.09546232444971,-2.769371213342339,-0.8882912324541756,1.8810799808881633,0.5826163962861802,-0.12168504342112724,False,0.36380124428003807,False
ORD-000071,CUST-778843,2024-09-15 01:56:21.818181820,Xfinity TV Ultimate,Internet,Triple Play Bundle,71.58189753780549,13.034726411795155,58.54717112601033,71.85678269277915,13.406575570155299,58.45020712262385,MATCHED,MEDIUM,Chicago,GA,Southeast,29.253615686824524,-116.64123000421449,-0.37184915836014376,-0.27488515497365995,0.09696400338648203,0.18206985511051602,0.1705474401085071,False,-0.33008597166472925,False
ORD-000072,CUST-672843,2024-09-18 18:25:27.272727272,Xfinity TV Ultimate,Internet,New Customer Internet Promo,26.599909035121602,24.80187271467031,1.798036320451292,27.029910330341508,26.41014529074326,0.6197650395982492,MATCHED,LOW,Atlanta,MA,Midwest,35.303473648136254,-99.73759559861556,-1.6082725760729488,-0.43000129521990615,1.1782712808530427,0.9320540210015403,0.2824032015694277,False,-0.32804478167737633,False
ORD-000073,CUST-356508,2024-09-22 10:54:32.727272728,Xfinity Mobile Unlimited,Security,New Customer Internet Promo,135.26022936358578,34.64451793459697,100.61571142898882,138.4774719223086,35.251197599906156,103.22627432240245,MATCHED,LOW,Philadelphia,PA,Southeast,44.51082631365512,-95.12675530100547,-0.606679665309187,-3.2172425587228304,-2.610562893413629,0.25611339684711987,-0.02260090236398016,False,-0.1451259563385499,False
ORD-000074,CUST-903591,2024-09-26 03:23:38.181818184,Xfinity TV Ultimate,Internet,Triple Play Bundle,23.59018034358161,17.41683022265987,6.173350120921743,23.637757278504456,19.956154468132418,3.6816028103720377,MATCHED,MEDIUM,Philadelphia,IL,Southeast,34.17977976034026,-83.98987091838521,-2.5393242454725495,-0.047576934922844316,2.491747310549705,0.7379956410967262,0.04073501293431881,False,0.19866457560868359,False
ORD-000075,CUST-996942,2024-09-29 19:52:43.636363636,Xfinity TV Ultimate,TV,Triple Play Bundle,95.25243641598263,46.832407592785366,48.42002882319726,94.55535105021093,51.21423345855943,43.3411175916515,DUPLICATE_LINE_NUMBER,LOW,Philadelphia,IL,Northeast,36.14610737780096,-114.67106349356628,-4.381825865774061,0.6970853657716987,5.07891123154576,0.49161463169262454,-0.2861812791818549,False,-0.27739096452760925,False
ORD-000076,CUST-206530,2024-10-03 12:21:49.090909092,Xfinity Internet Gigabit,Internet,,77.00163599235131,1.9593163337823127,75.042319658569,79.9020210240599,1.975978604548872,77.92604241951103,DISCOUNT_MISMATCH,LOW,Atlanta,GA,Northeast,42.21264035781468,-112.99907306697754,-0.01666227076655935,-2.900385031708595,-2.8837227609420353,0.02544182198618543,0.031014190067101516,False,-0.6856555664210333,True
ORD-000077,CUST-704365,2024-10-07 04:50:54.545454548,Xfinity TV Ultimate,Mobile,,107.36339758837592,20.897301585778937,86.46609600259698,106.47771487846236,23.974728527510152,82.50298635095221,MATCHED,LOW,Philadelphia,IL,Midwest,35.70139437867317,-106.81580986826918,-3.077426941731215,0.8856827099135529,3.9631096516447712,0.19462270967609993,-0.05117137632280574,False,-0.3660994182188602,False
ORD-000078,CUST-922352,2024-10-10 21:20:00.000000000,Xfinity TV Ultimate,Mobile,Triple Play Bundle,62.65984677171515,48.379027576012376,14.280819195702776,62.42138125656496,43.44989227240099,18.971488984163976,DISCOUNT_MISMATCH,LOW,Atlanta,PA,Southeast,28.689257428377122,-106.67508033145589,4.929135303611389,0.23846551515018888,-4.6906697884612,0.7719665846996667,-0.373538346625407,False,0.027242125723697115,False
ORD-000079,CUST-560337,2024-10-14 13:49:05.454545456,Xfinity Mobile Unlimited,Security,,40.15541017460674,27.398594162404365,12.756816012202378,42.124395830886186,23.643240482097283,18.481155348788903,PROMO_TIMING_MISMATCH,LOW,Chicago,IL,Southeast,30.991918235329543,-83.39077107704688,3.7553536803070813,-1.9689856562794432,-5.7243393365865245,0.682144015044224,-0.10421113280293337,False,0.5569250863427561,False
ORD-000080,CUST-824839,2024-10-18 06:18:10.909090912,Xfinity Mobile Unlimited,Mobile,,147.63931548036905,21.173547115405928,126.46576836496313,140.26085648816598,18.297333367333685,121.96352312083229,PROMO_TIMING_MISMATCH,LOW,Boston,MA,Northeast,31.198738525372217,-107.46346697192011,2.8762137480722423,7.378458992203065,4.502245244130833,0.14340430259712983,-0.21495475539582193,False,-0.47797598991194673,True
ORD-000081,CUST-905889,2024-10-21 22:47:16.363636364,Xfinity Home Security,TV,Mobile Line Free,129.06135526901724,28.426014187497916,100.63534108151933,125.00202601313235,26.538627800383296,98.46339821274906,MATCHED,LOW,Philadelphia,MA,Midwest,32.94636230915196,-88.34509683212762,1.8873863871146206,4.05932925588489,2.171942868770273,0.22023487805060185,-0.28284867454541757,False,-0.48895053024424867,True
ORD-000082,CUST-559773,2024-10-25 15:16:21.818181820,Xfinity Internet Gigabit,Internet,,131.85260038051777,28.79622876290423,103.05637161761354,130.32263409530535,25.786332108230933,104.53630198707441,MATCHED,LOW,Philadelphia,GA,Northeast,33.53577810673499,-95.28630749308643,3.009896654673298,1.5299662852124243,-1.4799303694608739,0.21838056188643745,-0.44394736227987036,False,-0.5537786502516447,True
ORD-000083,CUST-308261,2024-10-29 07:45:27.272727276,Xfinity TV Ultimate,Security,New Customer Internet Promo,52.53267686706233,36.58238776498201,15.950289102080319,54.80518745984119,42.87588055551172,11.929306904329472,MATCHED,MEDIUM,Chicago,PA,Northeast,40.995640441485385,-91.33528109102997,-6.2934927905297116,-2.2725105927788647,4.020982197750847,0.6962414164306612,-0.08124918002515721,False,-0.5910174973898022,True
ORD-000084,CUST-864469,2024-11-02 00:14:32.727272728,Xfinity TV Ultimate,Internet,,25.048515475825017,6.38448647112328,18.66402900470174,23.971503718852063,5.377867712991499,18.593636005860564,MATCHED,LOW,Boston,MA,Northeast,31.98773998098666,-78.09465184108521,1.006618758131781,1.0770117569729543,0.07039299884117511,0.2547831086515343,-0.3341422018976031,False,0.2617074380244291,False
ORD-000085,CUST-441097,2024-11-05 16:43:38.181818184,Xfinity Home Security,Internet,,59.424516907518964,12.500822460805233,46.92369444671373,56.50965779324619,13.495841615836229,43.013816177409964,MATCHED,MEDIUM,Atlanta,MA,Northeast,34.364636568827585,-99.78092492254879,-0.9950191550309953,2.9148591142727724,3.9098782693037677,0.2103293357335891,-0.2413324516908098,False,0.3484065726093139,False
ORD-000086,CUST-415139,2024-11-09 09:12:43.636363636,Xfinity TV Ultimate,TV,Triple Play Bundle,89.82071553556521,29.027200617195493,60.79351491836972,85.80288974325025,25.418789132329998,60.38410061092025,DISCOUNT_MISMATCH,LOW,Boston,PA,Southeast,37.49951974102105,-81.45443114678648,3.6084114848654956,4.017825792314966,0.4094143074494738,0.3231322431769257,0.22253728256518665,False,-0.04667323192587929,False
ORD-000087,CUST-271829,2024-11-13 01:41:49.090909092,Xfinity Internet Gigabit,Mobile,New Customer Internet Promo,62.46466143348531,43.3558303604861,19.10883107299921,59.89451177842562,49.97430827554754,9.920203502878074,MATCHED,HIGH,Chicago,IL,Southeast,32.554518948803384,-98.89819702246564,-6.61847791506144,2.5701496550596943,9.188627570121135,0.6939746349269234,0.08963483038051336,False,-0.24031383164225706,False
ORD-000088,CUST-371836,2024-11-16 18:10:54.545454548,Xfinity Home Security,Mobile,,127.62297049238653,28.09333460718868,99.52963588519785,121.72164315551835,33.27728850734479,88.44435464817356,MATCHED,LOW,Chicago,IL,Northeast,41.73129626584666,-102.30643117193753,-5.183953900156112,5.901327336868178,11.08528123702429,0.22011032493257282,-0.39362999435837603,False,0.43734313605878783,False
ORD-000089,CUST-538974,2024-11-20 10:40:00.000000000,Xfinity Internet Gigabit,Internet,,55.30057905656644,11.92984298951701,43.370736067049435,55.18876862330737,11.765068039995612,43.423700583311756,MATCHED,HIGH,Boston,GA,Midwest,36.74907208468149,-72.06864113433898,0.16477494952139793,0.11181043325907325,-0.052964516262321126,0.21568826783238504,0.005567320371930819,False,-0.04782758750304859,False
ORD-000090,CUST-302283,2024-11-24 03:09:05.454545456,Xfinity Home Security,Security,Mobile Line Free,145.48273795080007,33.99223899501229,111.49049895578779,146.65761591246925,39.14643433585538,107.51118157661386,MATCHED,MEDIUM,Atlanta,IL,Midwest,30.880893584419432,-110.78145396605184,-5.1541953408430885,-1.174877961669182,3.9793173791739207,0.23363529667375657,-0.06016579052075344,False,0.22683101280813026,False
ORD-000091,CUST-296769,2024-11-27 19:38:10.909090912,Xfinity Home Security,Mobile,,79.4444710097847,36.995438022368724,42.44903298741598,77.63065022897824,29.672489556203203,47.95816067277504,MATCHED,LOW,Atlanta,PA,Midwest,39.28118399579657,-115.48315197111961,7.322948466165521,1.8138207808064664,-5.509127685359054,0.46561807727362237,0.41050886256003827,False,-0.2549346825165447,False
ORD-000092,CUST-661353,2024-12-01 12:07:16.363636364,Xfinity Mobile Unlimited,Security,,129.4629997515576,11.911807620198973,117.55119213135862,128.14619771324834,13.436266071735362,114.70993164151298,MATCHED,MEDIUM,Philadelphia,MA,Midwest,35.55295460289572,-81.45070372322607,-1.5244584515363897,1.3168020383092482,2.841260489845638,0.09200225253957377,0.3149435002616824,False,-0.08672684373286788,False
ORD-000093,CUST-323165,2024-12-05 04:36:21.818181820,Xfinity Internet Gigabit,Mobile,Mobile Line Free,45.26940441933349,18.886444308814742,26.38296011051875,43.421051626981146,16.83632199934549,26.584729627635657,MATCHED,LOW,Atlanta,IL,Northeast,35.68911782514494,-116.58751473229542,2.050122309469252,1.848352792352344,-0.20176951711690805,0.41710893840181723,-0.5601246177129509,True,-0.4712024936341139,True
ORD-000094,CUST-723587,2024-12-08 21:05:27.272727276,Xfinity TV Ultimate,Security,Triple Play Bundle,73.47600765736821,26.71637367652817,46.75963398084004,72.27372315209676,31.083980436738862,41.1897427153579,MATCHED,LOW,Boston,GA,Southeast,34.62175896775172,-78.14605046484853,-4.367606760210691,1.2022845052714501,5.569891265482141,0.363557288362901,0.15833830068758029,False,0.08877469156807545,False
ORD-000095,CUST-635822,2024-12-12 13:34:32.727272728,Xfinity TV Ultimate,TV,,110.9365873997352,24.828059534153883,86.10852786558132,111.18640762682865,19.873571705128327,91.31283592170033,MATCHED,LOW,Chicago,IL,Midwest,34.94023897642498,-98.14033018213783,4.954487829025556,-0.2498202270934513,-5.204308056119004,0.22378389562086828,0.2795591754871096,False,-0.04271867476800529,False
ORD-000096,CUST-587879,2024-12-16 06:03:38.181818184,Xfinity Internet Gigabit,Security,Mobile Line Free,37.98590201431418,19.480904310960174,18.504997703354004,38.86820742515454,19.918692712693463,18.949514712461074,DISCOUNT_MISMATCH,LOW,Philadelphia,PA,Northeast,40.307125621324815,-74.2243161354043,-0.4377884017332896,-0.8823054108403596,-0.44451700910707004,0.5127106682089333,0.06780776261849933,False,-0.36836896972413524,False
ORD-000097,CUST-664685,2024-12-19 22:32:43.636363640,Xfinity TV Ultimate,TV,New Customer Internet Promo,37.256904891586075,14.881758725465543,22.37514616612053,35.40652715624358,16.40943557036287,18.997091585880707,MATCHED,LOW,Philadelphia,GA,Midwest,27.05962958662631,-83.92335694390472,-1.5276768448973268,1.850377735342498,3.378054580239823,0.3993290767977211,-0.20062364310825725,False,-0.3643321448579384,False
ORD-000098,CUST-882038,2024-12-23 15:01:49.090909092,Xfinity TV Ultimate,TV,Triple Play Bundle,146.03979272484068,4.9992443580931685,141.04054836674752,145.56239983692316,4.516693957572957,141.0457058793502,MATCHED,LOW,Chicago,IL,Midwest,31.687256226209644,-89.47976664960213,0.4825504005202115,0.47739288791751733,-0.005157512602693259,0.03422972579982908,0.6240181745351409,False,0.38478755100162304,False
ORD-000099,CUST-453531,2024-12-27 07:30:54.545454548,Xfinity Internet Gigabit,Security,New Customer Internet Promo,112.89736354339377,2.6742648373684452,110.22309870602533,110.60557953788013,2.3460072413771718,108.25957229650297,MATCHED,HIGH,Atlanta,GA,Northeast,26.510067276077784,-72.53466014711172,0.32825759599127347,2.291784005513634,1.963526409522359,0.023685477664533747,0.09542278427810676,False,0.4915006251385449,False
ORD-000100,CUST-363160,2024-12-31 00:00:00.000000000,Xfinity Home Security,TV,New Customer Internet Promo,25.338777179823854,47.92707484415992,-22.588297664336064,26.23278453222692,39.95389263466316,-13.721108102436244,PROMO_TIMING_MISMATCH,LOW,Chicago,PA,Southeast,40.06492441494902,-100.16753134739729,7.9731822094967555,-0.8940073524030652,-8.86718956189982,1.8907055951522216,0.4929632821184684,False,-0.16394060100019636,False
